Path,SteerAngle,Throttle,Brake,Speed,X_Position,Y_Position,Pitch,Yaw,Roll
C:\Users\Matthew\Documents\GitHub\IMG\robocam_2017_05_29_12_09_35_366.jpg,0,0,1,0,107.3598,95.26344,0.000502367,227.1733,-1.792578E-05
C:\Users\Matthew\Documents\GitHub\IMG\robocam_2017_05_29_12_09_35_399.jpg,0,0,0,0,107.3598,95.26344,0.0004361031,227.1733,-1.674376E-05
C:\Users\Matthew\Documents\GitHub\IMG\robocam_2017_05_29_12_09_35_441.jpg,0,0,0,0,107.3598,95.26344,0.0003706164,227.1733,-1.491291E-05
C:\Users\Matthew\Documents\GitHub\IMG\robocam_2017_05_29_12_09_35_485.jpg,0,0,0,0,107.3598,95.26344,0.0002767162,227.1733,-1.224552E-05
C:\Users\Matthew\Documents\GitHub\IMG\robocam_2017_05_29_12_09_35_526.jpg,0,0,0,0,107.3598,95.26344,0.0002173135,227.1733,-1.043606E-05
C:\Users\Matthew\Documents\GitHub\IMG\robocam_2017_05_29_12_09_35_568.jpg,0.1900775,0,0,0,107.3598,95.26344,0.000161014,227.1847,-8.957617E-06
C:\Users\Matthew\Documents\GitHub\IMG\robocam_2017_05_29_12_09_35_610.jpg,0.633085,0,0,0,107.3598,95.26344,0.0001071208,227.2283,-6.915183E-06
C:\Users\Matthew\Documents\GitHub\IMG\robocam_2017_05_29_12_09_35_652.jpg,1.83476,0,0,0,107.3598,95.26344,5.76991E-05,227.3757,-6.071634E-06
C:\Users\Matthew\Documents\GitHub\IMG\robocam_2017_05_29_12_09_35_692.jpg,3.066595,0,0,0,107.3598,95.26344,1.228679E-05,227.6701,-3.654354E-06
C:\Users\Matthew\Documents\GitHub\IMG\robocam_2017_05_29_12_09_35_735.jpg,3.413497,0,0,0,107.3598,95.26344,-2.831215E-05,228.0686,-1.871312E-06
C:\Users\Matthew\Documents\GitHub\IMG\robocam_2017_05_29_12_09_35_777.jpg,0.8993125,0,0,0,107.3598,95.26344,-6.422515E-05,228.3468,4.439529E-07
C:\Users\Matthew\Documents\GitHub\IMG\robocam_2017_05_29_12_09_35_818.jpg,0,0,0,0,107.3598,95.26344,-9.603743E-05,228.3795,2.156802E-06
C:\Users\Matthew\Documents\GitHub\IMG\robocam_2017_05_29_12_09_35_858.jpg,0,0,0,0,107.3598,95.26344,-0.0001237663,228.3795,3.320342E-06
C:\Users\Matthew\Documents\GitHub\IMG\robocam_2017_05_29_12_09_35_901.jpg,0,0,0,0,107.3598,95.26344,-0.0001467505,228.3795,4.917132E-06
C:\Users\Matthew\Documents\GitHub\IMG\robocam_2017_05_29_12_09_35_943.jpg,0,0,0,0,107.3598,95.26344,-0.0001733431,228.3795,7.59712E-06
C:\Users\Matthew\Documents\GitHub\IMG\robocam_2017_05_29_12_09_35_986.jpg,0,0,0,0,107.3598,95.26344,-0.0001858991,228.3795,8.190942E-06
C:\Users\Matthew\Documents\GitHub\IMG\robocam_2017_05_29_12_09_36_027.jpg,0,0,0,0,107.3598,95.26344,-0.0001938392,228.3795,8.655348E-06
C:\Users\Matthew\Documents\GitHub\IMG\robocam_2017_05_29_12_09_36_069.jpg,0,0,0,0,107.3598,95.26344,-0.0001978756,228.3795,9.062133E-06
C:\Users\Matthew\Documents\GitHub\IMG\robocam_2017_05_29_12_09_36_111.jpg,0,0,0,0,107.3598,95.26344,-0.0001979464,228.3795,9.548967E-06
C:\Users\Matthew\Documents\GitHub\IMG\robocam_2017_05_29_12_09_36_153.jpg,0,0,0,0,107.3598,95.26344,-0.000194356,228.3795,9.714788E-06
C:\Users\Matthew\Documents\GitHub\IMG\robocam_2017_05_29_12_09_36_196.jpg,0,0,0,0,107.3598,95.26344,-0.000186843,228.3795,9.773106E-06
C:\Users\Matthew\Documents\GitHub\IMG\robocam_2017_05_29_12_09_36_237.jpg,0,0,0,0,107.3598,95.26344,-0.0001765186,228.3795,9.644035E-06
C:\Users\Matthew\Documents\GitHub\IMG\robocam_2017_05_29_12_09_36_278.jpg,0,0,0,0,107.3598,95.26344,-0.0001630359,228.3795,9.916203E-06
C:\Users\Matthew\Documents\GitHub\IMG\robocam_2017_05_29_12_09_36_319.jpg,0,0,0,0,107.3598,95.26344,-0.0001462949,228.3795,1.062752E-05
C:\Users\Matthew\Documents\GitHub\IMG\robocam_2017_05_29_12_09_36_359.jpg,0,0,0,0,107.3598,95.26344,-0.0001277023,228.3795,1.067254E-05
C:\Users\Matthew\Documents\GitHub\IMG\robocam_2017_05_29_12_09_36_401.jpg,0,0,0,0,107.3598,95.26344,-0.0001064032,228.3795,1.020495E-05
C:\Users\Matthew\Documents\GitHub\IMG\robocam_2017_05_29_12_09_36_444.jpg,0,0,0,0,107.3598,95.26344,-7.140865E-05,228.3795,8.549023E-06
C:\Users\Matthew\Documents\GitHub\IMG\robocam_2017_05_29_12_09_36_486.jpg,0,0,0,0,107.3598,95.26344,-4.6153E-05,228.3795,8.785987E-06
C:\Users\Matthew\Documents\GitHub\IMG\robocam_2017_05_29_12_09_36_528.jpg,0,0,0,0,107.3598,95.26344,-1.936396E-05,228.3795,8.292791E-06
C:\Users\Matthew\Documents\GitHub\IMG\robocam_2017_05_29_12_09_36_569.jpg,0,0,0,0,107.3598,95.26344,7.533851E-06,228.3795,7.213001E-06
C:\Users\Matthew\Documents\GitHub\IMG\robocam_2017_05_29_12_09_36_611.jpg,0,0,0,0,107.3598,95.26344,3.552405E-05,228.3795,6.262968E-06
C:\Users\Matthew\Documents\GitHub\IMG\robocam_2017_05_29_12_09_36_652.jpg,0,0,0,0,107.3598,95.26344,6.398911E-05,228.3795,5.265077E-06
C:\Users\Matthew\Documents\GitHub\IMG\robocam_2017_05_29_12_09_36_694.jpg,0,0,0,0,107.3598,95.26344,9.272455E-05,228.3795,3.856182E-06
C:\Users\Matthew\Documents\GitHub\IMG\robocam_2017_05_29_12_09_36_736.jpg,0,0,0,0,107.3598,95.26344,0.0001211088,228.3795,2.770501E-06
C:\Users\Matthew\Documents\GitHub\IMG\robocam_2017_05_29_12_09_36_778.jpg,0,0,0,0,107.3598,95.26344,0.0001488855,228.3795,2.081832E-06
C:\Users\Matthew\Documents\GitHub\IMG\robocam_2017_05_29_12_09_36_819.jpg,0,0,0,0,107.3598,95.26344,0.0001765715,228.3795,7.307348E-07
C:\Users\Matthew\Documents\GitHub\IMG\robocam_2017_05_29_12_09_36_861.jpg,0,0,0,0,107.3598,95.26344,0.0002033316,228.3795,-2.872119E-07
C:\Users\Matthew\Documents\GitHub\IMG\robocam_2017_05_29_12_09_36_903.jpg,0,0,0,0,107.3598,95.26344,0.0002408621,228.3795,-2.006836E-06
C:\Users\Matthew\Documents\GitHub\IMG\robocam_2017_05_29_12_09_36_944.jpg,0,0,0,0,107.3598,95.26344,0.0002645825,228.3795,-3.437977E-06
C:\Users\Matthew\Documents\GitHub\IMG\robocam_2017_05_29_12_09_36_987.jpg,0,0,0,0,107.3598,95.26344,0.0002868643,228.3795,-4.388357E-06
C:\Users\Matthew\Documents\GitHub\IMG\robocam_2017_05_29_12_09_37_028.jpg,0,0.03914866,0,0,107.3598,95.26344,0.0004428946,228.3795,-4.283185E-06
C:\Users\Matthew\Documents\GitHub\IMG\robocam_2017_05_29_12_09_37_071.jpg,0,0.1662007,0,0,107.3593,95.26295,0.01474502,228.3696,1.395053E-05
C:\Users\Matthew\Documents\GitHub\IMG\robocam_2017_05_29_12_09_37_114.jpg,0,0.2960119,0,0.01908823,107.3588,95.26236,0.03179051,228.3342,6.775161E-05
C:\Users\Matthew\Documents\GitHub\IMG\robocam_2017_05_29_12_09_37_154.jpg,0,0.4184527,0,0.02659264,107.3578,95.26119,0.0644034,228.4874,-8.826559E-05
C:\Users\Matthew\Documents\GitHub\IMG\robocam_2017_05_29_12_09_37_198.jpg,0,0.5447831,0,0.03036251,107.3569,95.26016,0.09039482,228.4048,-1.96068E-05
C:\Users\Matthew\Documents\GitHub\IMG\robocam_2017_05_29_12_09_37_240.jpg,0,0.6732419,0,0.04574817,107.355,95.25809,0.1451722,228.3107,0.0001851728
C:\Users\Matthew\Documents\GitHub\IMG\robocam_2017_05_29_12_09_37_282.jpg,0,0.8009186,0,0.08063195,107.3519,95.25457,0.2383339,228.1742,0.0006579449
C:\Users\Matthew\Documents\GitHub\IMG\robocam_2017_05_29_12_09_37_324.jpg,0,0.9224806,0,0.0968788,107.3457,95.24768,0.4126871,228.2912,-0.0001858607
C:\Users\Matthew\Documents\GitHub\IMG\robocam_2017_05_29_12_09_37_365.jpg,0,1,0,0.1473323,107.3398,95.24094,0.5656065,228.4638,0.0002314373
C:\Users\Matthew\Documents\GitHub\IMG\robocam_2017_05_29_12_09_37_407.jpg,0,1,0,0.2090122,107.3329,95.23312,0.7299504,228.4622,0.0008513349
C:\Users\Matthew\Documents\GitHub\IMG\robocam_2017_05_29_12_09_37_455.jpg,0,1,0,0.2148553,107.3256,95.22486,0.8848093,228.3822,0.0008577979
C:\Users\Matthew\Documents\GitHub\IMG\robocam_2017_05_29_12_09_37_493.jpg,0,1,0,0.2448245,107.3176,95.21584,1.036242,228.3869,0.0006642911
C:\Users\Matthew\Documents\GitHub\IMG\robocam_2017_05_29_12_09_37_535.jpg,0,1,0,0.2805463,107.3083,95.20526,1.204213,228.4076,0.0007504994
C:\Users\Matthew\Documents\GitHub\IMG\robocam_2017_05_29_12_09_37_577.jpg,0,1,0,0.3159418,107.2987,95.19425,1.323676,228.4289,0.0009725476
C:\Users\Matthew\Documents\GitHub\IMG\robocam_2017_05_29_12_09_37_618.jpg,0,1,0,0.3494658,107.29,95.18465,1.284605,228.5124,0.002893793
C:\Users\Matthew\Documents\GitHub\IMG\robocam_2017_05_29_12_09_37_660.jpg,0,1,0,0.4040233,107.2804,95.17383,1.206359,228.4146,0.002285525
C:\Users\Matthew\Documents\GitHub\IMG\robocam_2017_05_29_12_09_37_702.jpg,0,1,0,0.4245801,107.2703,95.16235,1.120366,228.411,6.962253E-05
C:\Users\Matthew\Documents\GitHub\IMG\robocam_2017_05_29_12_09_37_744.jpg,0,1,0,0.4771813,107.2518,95.1413,1.087959,228.3923,0.0005858743
C:\Users\Matthew\Documents\GitHub\IMG\robocam_2017_05_29_12_09_37_787.jpg,0,1,0,0.518966,107.2381,95.12584,1.094493,228.2668,0.001783218
C:\Users\Matthew\Documents\GitHub\IMG\robocam_2017_05_29_12_09_37_829.jpg,0,1,0,0.5429341,107.2236,95.10949,1.11392,228.2687,-0.0002959152
C:\Users\Matthew\Documents\GitHub\IMG\robocam_2017_05_29_12_09_37_870.jpg,0,1,0,0.5801388,107.2077,95.09155,1.16343,228.2914,-0.0004236391
C:\Users\Matthew\Documents\GitHub\IMG\robocam_2017_05_29_12_09_37_911.jpg,0,1,0,0.6004365,107.1915,95.07317,1.201048,228.3405,0.0007584777
C:\Users\Matthew\Documents\GitHub\IMG\robocam_2017_05_29_12_09_37_954.jpg,0,1,0,0.6418739,107.1744,95.05392,1.231153,228.3387,0.0009582354
C:\Users\Matthew\Documents\GitHub\IMG\robocam_2017_05_29_12_09_37_995.jpg,0,1,0,0.6768701,107.1566,95.03371,1.246142,228.3137,0.001672031
C:\Users\Matthew\Documents\GitHub\IMG\robocam_2017_05_29_12_09_38_037.jpg,0,1,0,0.715867,107.1384,95.01308,1.223608,228.3099,0.0007851971
C:\Users\Matthew\Documents\GitHub\IMG\robocam_2017_05_29_12_09_38_078.jpg,0,1,0,0.7475066,107.1192,94.99136,1.199472,228.2976,0.0009885929
C:\Users\Matthew\Documents\GitHub\IMG\robocam_2017_05_29_12_09_38_121.jpg,0,1,0,0.7772505,107.0989,94.96844,1.189912,228.3252,0.000150937
C:\Users\Matthew\Documents\GitHub\IMG\robocam_2017_05_29_12_09_38_165.jpg,0,1,0,0.8091604,107.0665,94.93163,1.207464,228.3521,0.0006194969
C:\Users\Matthew\Documents\GitHub\IMG\robocam_2017_05_29_12_09_38_208.jpg,0,1,0,0.8653733,107.0436,94.90582,1.218121,228.4019,0.0006794105
C:\Users\Matthew\Documents\GitHub\IMG\robocam_2017_05_29_12_09_38_248.jpg,0,1,0,0.8963117,107.0199,94.879,1.225797,228.4206,0.0006603316
C:\Users\Matthew\Documents\GitHub\IMG\robocam_2017_05_29_12_09_38_288.jpg,0,1,0,0.9249275,106.9956,94.85139,1.223174,228.4812,7.389493E-05
C:\Users\Matthew\Documents\GitHub\IMG\robocam_2017_05_29_12_09_38_329.jpg,0,1,0,0.9636928,106.9703,94.82261,1.221751,228.4978,0.0008669642
C:\Users\Matthew\Documents\GitHub\IMG\robocam_2017_05_29_12_09_38_372.jpg,0,1,0,0.9961275,106.9441,94.7929,1.21616,228.5038,0.0008566078
C:\Users\Matthew\Documents\GitHub\IMG\robocam_2017_05_29_12_09_38_413.jpg,0,1,0,1.0242,106.9173,94.76238,1.207991,228.4642,0.001335012
C:\Users\Matthew\Documents\GitHub\IMG\robocam_2017_05_29_12_09_38_455.jpg,0,1,0,1.050078,106.8896,94.73085,1.210088,228.4795,0.0007498606
C:\Users\Matthew\Documents\GitHub\IMG\robocam_2017_05_29_12_09_38_498.jpg,0,1,0,1.091641,106.8608,94.69801,1.226411,228.4825,0.0009356299
C:\Users\Matthew\Documents\GitHub\IMG\robocam_2017_05_29_12_09_38_539.jpg,0,1,0,1.123281,106.8312,94.66431,1.236145,228.4849,0.0009527663
C:\Users\Matthew\Documents\GitHub\IMG\robocam_2017_05_29_12_09_38_580.jpg,0,1,0,1.15073,106.801,94.62991,1.233568,228.4799,0.001055509
C:\Users\Matthew\Documents\GitHub\IMG\robocam_2017_05_29_12_09_38_622.jpg,0,1,0,1.182249,106.7701,94.59476,1.22171,228.4828,0.0009043785
C:\Users\Matthew\Documents\GitHub\IMG\robocam_2017_05_29_12_09_38_663.jpg,0,1,0,1.219117,106.7217,94.53967,1.229339,228.4905,0.000834062
C:\Users\Matthew\Documents\GitHub\IMG\robocam_2017_05_29_12_09_38_705.jpg,0,1,0,1.246292,106.6885,94.5018,1.233717,228.4959,0.0005068855
C:\Users\Matthew\Documents\GitHub\IMG\robocam_2017_05_29_12_09_38_745.jpg,0,1,0,1.280795,106.6544,94.46301,1.23784,228.5018,0.0008973921
C:\Users\Matthew\Documents\GitHub\IMG\robocam_2017_05_29_12_09_38_788.jpg,0,1,0,1.324991,106.6197,94.42345,1.233687,228.5064,0.0009097464
C:\Users\Matthew\Documents\GitHub\IMG\robocam_2017_05_29_12_09_38_829.jpg,0,1,0,1.358438,106.584,94.38274,1.238673,228.5287,0.0007921135
C:\Users\Matthew\Documents\GitHub\IMG\robocam_2017_05_29_12_09_38_872.jpg,0,1,0,1.388766,106.5475,94.34118,1.239914,228.5361,0.0009198096
C:\Users\Matthew\Documents\GitHub\IMG\robocam_2017_05_29_12_09_38_913.jpg,0,1,0,1.4208,106.5102,94.29858,1.244349,228.5508,0.000905
C:\Users\Matthew\Documents\GitHub\IMG\robocam_2017_05_29_12_09_38_954.jpg,0,1,0,1.453323,106.472,94.25508,1.246747,228.5619,0.0008881615
C:\Users\Matthew\Documents\GitHub\IMG\robocam_2017_05_29_12_09_38_997.jpg,0,1,0,1.483474,106.4331,94.21066,1.246599,228.5681,0.0009535706
C:\Users\Matthew\Documents\GitHub\IMG\robocam_2017_05_29_12_09_39_038.jpg,0,1,0,1.51555,106.3933,94.16518,1.252551,228.5797,0.0009556278
C:\Users\Matthew\Documents\GitHub\IMG\robocam_2017_05_29_12_09_39_080.jpg,0,1,0,1.545831,106.3527,94.11885,1.254292,228.5844,0.000971507
C:\Users\Matthew\Documents\GitHub\IMG\robocam_2017_05_29_12_09_39_123.jpg,0,1,0,1.57695,106.2904,94.04758,1.256023,228.5951,0.001002144
C:\Users\Matthew\Documents\GitHub\IMG\robocam_2017_05_29_12_09_39_163.jpg,0,1,0,1.608786,106.2477,93.99884,1.260359,228.6051,0.000995981
C:\Users\Matthew\Documents\GitHub\IMG\robocam_2017_05_29_12_09_39_206.jpg,0,1,0,1.654866,106.2043,93.94918,1.264036,228.6122,0.000984187
C:\Users\Matthew\Documents\GitHub\IMG\robocam_2017_05_29_12_09_39_249.jpg,0.6739076,1,0,1.685597,106.1601,93.89857,1.267374,228.6289,0.0009961972
C:\Users\Matthew\Documents\GitHub\IMG\robocam_2017_05_29_12_09_39_290.jpg,2.55378,1,0,1.715443,106.1155,93.84683,1.26604,228.7173,0.0004465792
C:\Users\Matthew\Documents\GitHub\IMG\robocam_2017_05_29_12_09_39_331.jpg,4.284817,1,0,1.745542,106.0707,93.79368,1.26421,228.9319,-0.0003559235
C:\Users\Matthew\Documents\GitHub\IMG\robocam_2017_05_29_12_09_39_372.jpg,6.232875,1,0,1.77506,106.0256,93.73902,1.267353,229.2704,-0.001122347
C:\Users\Matthew\Documents\GitHub\IMG\robocam_2017_05_29_12_09_39_416.jpg,8.182533,1,0,1.80513,105.9807,93.68293,1.263347,229.7461,-0.001616693
C:\Users\Matthew\Documents\GitHub\IMG\robocam_2017_05_29_12_09_39_457.jpg,10.05773,1,0,1.833629,105.9361,93.62507,1.261426,230.3585,0.008980192
C:\Users\Matthew\Documents\GitHub\IMG\robocam_2017_05_29_12_09_39_500.jpg,8.470378,1,0,1.862747,105.8917,93.56556,1.259437,231.0676,0.02890511
C:\Users\Matthew\Documents\GitHub\IMG\robocam_2017_05_29_12_09_39_540.jpg,6.627907,1,0,1.892828,105.8468,93.50501,1.255905,231.7156,0.03509997
C:\Users\Matthew\Documents\GitHub\IMG\robocam_2017_05_29_12_09_39_581.jpg,4.801176,1,0,1.924041,105.8012,93.44344,1.252866,232.2516,0.02708222
C:\Users\Matthew\Documents\GitHub\IMG\robocam_2017_05_29_12_09_39_621.jpg,2.989017,1,0,1.954325,105.7547,93.38086,1.255166,232.6514,0.006555325
C:\Users\Matthew\Documents\GitHub\IMG\robocam_2017_05_29_12_09_39_663.jpg,1.112028,1,0,1.98469,105.6836,93.28465,1.284066,233.0098,-0.000339567
C:\Users\Matthew\Documents\GitHub\IMG\robocam_2017_05_29_12_09_39_703.jpg,0,1,0,2.013081,105.6352,93.21958,1.297683,233.0927,0.0003646014
C:\Users\Matthew\Documents\GitHub\IMG\robocam_2017_05_29_12_09_39_745.jpg,0,1,0,2.043333,105.5862,93.15371,1.300986,233.1246,0.0009402738
C:\Users\Matthew\Documents\GitHub\IMG\robocam_2017_05_29_12_09_39_788.jpg,0,1,0,2.088342,105.5364,93.08689,1.301391,233.1406,0.001145099
C:\Users\Matthew\Documents\GitHub\IMG\robocam_2017_05_29_12_09_39_829.jpg,0,1,0,2.118684,105.486,93.01907,1.302637,233.1522,0.001174055
C:\Users\Matthew\Documents\GitHub\IMG\robocam_2017_05_29_12_09_39_869.jpg,0,1,0,2.148146,105.4348,92.95025,1.307073,233.1607,0.001214089
C:\Users\Matthew\Documents\GitHub\IMG\robocam_2017_05_29_12_09_39_912.jpg,0,1,0,2.177036,105.383,92.88051,1.310044,233.1668,0.001222923
C:\Users\Matthew\Documents\GitHub\IMG\robocam_2017_05_29_12_09_39_952.jpg,0,1,0,2.207204,105.3305,92.8098,1.312732,233.1755,0.001201335
C:\Users\Matthew\Documents\GitHub\IMG\robocam_2017_05_29_12_09_39_995.jpg,0,1,0,2.235975,105.2773,92.73816,1.313627,233.1817,0.001255938
C:\Users\Matthew\Documents\GitHub\IMG\robocam_2017_05_29_12_09_40_038.jpg,0,1,0,2.266001,105.2234,92.66557,1.314242,233.1906,0.00124633
C:\Users\Matthew\Documents\GitHub\IMG\robocam_2017_05_29_12_09_40_079.jpg,0,1,0,2.29515,105.1688,92.592,1.317172,233.1984,0.001211344
C:\Users\Matthew\Documents\GitHub\IMG\robocam_2017_05_29_12_09_40_121.jpg,0,1,0,2.324247,105.1135,92.51746,1.321942,233.2058,0.001250364
C:\Users\Matthew\Documents\GitHub\IMG\robocam_2017_05_29_12_09_40_163.jpg,0,1,0,2.353575,105.0294,92.40399,1.321537,233.2171,0.001263067
C:\Users\Matthew\Documents\GitHub\IMG\robocam_2017_05_29_12_09_40_205.jpg,0,1,0,2.382534,104.9724,92.32712,1.32398,233.225,0.001268966
C:\Users\Matthew\Documents\GitHub\IMG\robocam_2017_05_29_12_09_40_247.jpg,0,1,0,2.425864,104.9147,92.2493,1.32783,233.2326,0.001297551
C:\Users\Matthew\Documents\GitHub\IMG\robocam_2017_05_29_12_09_40_288.jpg,0.7133018,1,0,2.454178,104.8565,92.17056,1.328619,233.2491,0.001260108
C:\Users\Matthew\Documents\GitHub\IMG\robocam_2017_05_29_12_09_40_330.jpg,2.6273,1,0,2.483551,104.7979,92.09061,1.327617,233.3528,0.0007798647
C:\Users\Matthew\Documents\GitHub\IMG\robocam_2017_05_29_12_09_40_373.jpg,4.555479,1,0,2.511225,104.7394,92.00934,1.322933,233.5953,0.0001733089
C:\Users\Matthew\Documents\GitHub\IMG\robocam_2017_05_29_12_09_40_415.jpg,5.868486,1,0,2.539422,104.681,91.92647,1.322897,233.9924,-0.001023147
C:\Users\Matthew\Documents\GitHub\IMG\robocam_2017_05_29_12_09_40_457.jpg,3.981275,1,0,2.567723,104.6226,91.84229,1.322463,234.4501,-0.001546943
C:\Users\Matthew\Documents\GitHub\IMG\robocam_2017_05_29_12_09_40_499.jpg,2.107772,1,0,2.596873,104.5637,91.75694,1.327567,234.8297,-0.001119144
C:\Users\Matthew\Documents\GitHub\IMG\robocam_2017_05_29_12_09_40_539.jpg,0.2757202,1,0,2.625383,104.5041,91.67068,1.333266,235.0765,-0.0001461416
C:\Users\Matthew\Documents\GitHub\IMG\robocam_2017_05_29_12_09_40_580.jpg,0,1,0,2.653184,104.4437,91.58363,1.335811,235.1854,0.001015333
C:\Users\Matthew\Documents\GitHub\IMG\robocam_2017_05_29_12_09_40_623.jpg,0,1,0,2.681452,104.352,91.4512,1.341915,235.2395,0.00177244
C:\Users\Matthew\Documents\GitHub\IMG\robocam_2017_05_29_12_09_40_667.jpg,0,1,0,2.709679,104.2901,91.36169,1.346268,235.2522,0.001822376
C:\Users\Matthew\Documents\GitHub\IMG\robocam_2017_05_29_12_09_40_709.jpg,0,1,0,2.751926,104.2277,91.2712,1.350407,235.2598,0.00177733
C:\Users\Matthew\Documents\GitHub\IMG\robocam_2017_05_29_12_09_40_749.jpg,0,1,0,2.780027,104.1647,91.17977,1.353969,235.2661,0.001629989
C:\Users\Matthew\Documents\GitHub\IMG\robocam_2017_05_29_12_09_40_791.jpg,0,1,0,2.808081,104.1012,91.08737,1.356694,235.2728,0.001509948
C:\Users\Matthew\Documents\GitHub\IMG\robocam_2017_05_29_12_09_40_834.jpg,-1.630743,1,0,2.836022,104.0368,90.99415,1.358418,235.2479,0.001650088
C:\Users\Matthew\Documents\GitHub\IMG\robocam_2017_05_29_12_09_40_875.jpg,-3.500118,1,0,2.863549,103.9714,90.9004,1.358737,235.1062,0.002742264
C:\Users\Matthew\Documents\GitHub\IMG\robocam_2017_05_29_12_09_40_917.jpg,-5.335354,1,0,2.89083,103.9045,90.8064,1.356711,234.8124,0.003923443
C:\Users\Matthew\Documents\GitHub\IMG\robocam_2017_05_29_12_09_40_959.jpg,-7.286191,1,0,2.917389,103.8357,90.71253,1.349445,234.3441,359.9912
C:\Users\Matthew\Documents\GitHub\IMG\robocam_2017_05_29_12_09_41_001.jpg,-6.4172,1,0,2.943517,103.7651,90.61897,1.331902,233.7216,359.9639
C:\Users\Matthew\Documents\GitHub\IMG\robocam_2017_05_29_12_09_41_043.jpg,-4.530553,1,0,2.971342,103.6571,90.47798,1.288076,232.8407,359.9366
C:\Users\Matthew\Documents\GitHub\IMG\robocam_2017_05_29_12_09_41_086.jpg,-2.643408,1,0,2.999781,103.5839,90.38314,1.257456,232.4189,359.9302
C:\Users\Matthew\Documents\GitHub\IMG\robocam_2017_05_29_12_09_41_127.jpg,-0.7804672,1,0,3.041371,103.5098,90.28731,1.240693,232.1602,359.9251
C:\Users\Matthew\Documents\GitHub\IMG\robocam_2017_05_29_12_09_41_172.jpg,0,1,0,3.068132,103.4351,90.19025,1.239671,232.0618,359.9272
C:\Users\Matthew\Documents\GitHub\IMG\robocam_2017_05_29_12_09_41_214.jpg,0,1,0,3.09484,103.3596,90.09216,1.252656,232.0353,359.9328
C:\Users\Matthew\Documents\GitHub\IMG\robocam_2017_05_29_12_09_41_257.jpg,0,1,0,3.12105,103.2833,89.99308,1.274658,232.0392,359.9457
C:\Users\Matthew\Documents\GitHub\IMG\robocam_2017_05_29_12_09_41_299.jpg,0,1,0,3.148427,103.2063,89.89302,1.306474,232.0511,359.9639
C:\Users\Matthew\Documents\GitHub\IMG\robocam_2017_05_29_12_09_41_342.jpg,0,1,0,3.175247,103.1286,89.792,1.342809,232.0706,359.9937
C:\Users\Matthew\Documents\GitHub\IMG\robocam_2017_05_29_12_09_41_386.jpg,0,1,0,3.200793,103.0104,89.63944,1.389679,232.083,0.002126922
C:\Users\Matthew\Documents\GitHub\IMG\robocam_2017_05_29_12_09_41_428.jpg,0,1,0,3.242429,102.931,89.53698,1.395969,232.0935,0.001662177
C:\Users\Matthew\Documents\GitHub\IMG\robocam_2017_05_29_12_09_41_469.jpg,0,1,0,3.270296,102.8512,89.43365,1.395353,232.1061,0.001642667
C:\Users\Matthew\Documents\GitHub\IMG\robocam_2017_05_29_12_09_41_511.jpg,0,1,0,3.297318,102.7707,89.32947,1.391211,232.1159,0.001618165
C:\Users\Matthew\Documents\GitHub\IMG\robocam_2017_05_29_12_09_41_553.jpg,0,1,0,3.324668,102.6896,89.22438,1.388603,232.124,0.001123522
C:\Users\Matthew\Documents\GitHub\IMG\robocam_2017_05_29_12_09_41_594.jpg,0,1,0,3.350495,102.6078,89.11832,1.393356,232.136,0.001477652
C:\Users\Matthew\Documents\GitHub\IMG\robocam_2017_05_29_12_09_41_637.jpg,0,1,0,3.37731,102.5255,89.01146,1.393944,232.1473,0.001581843
C:\Users\Matthew\Documents\GitHub\IMG\robocam_2017_05_29_12_09_41_678.jpg,0,1,0,3.403754,102.4425,88.90367,1.39871,232.1579,0.001478429
C:\Users\Matthew\Documents\GitHub\IMG\robocam_2017_05_29_12_09_41_720.jpg,0,1,0,3.430461,102.3588,88.7951,1.398924,232.1688,0.0016064
C:\Users\Matthew\Documents\GitHub\IMG\robocam_2017_05_29_12_09_41_765.jpg,0,1,0,3.456794,102.2322,88.63058,1.40318,232.185,0.001626366
C:\Users\Matthew\Documents\GitHub\IMG\robocam_2017_05_29_12_09_41_808.jpg,0,1,0,3.497065,102.147,88.51985,1.404808,232.1944,0.001129161
C:\Users\Matthew\Documents\GitHub\IMG\robocam_2017_05_29_12_09_41_848.jpg,0,1,0,3.522842,102.0612,88.40828,1.40512,232.2066,0.001624953
C:\Users\Matthew\Documents\GitHub\IMG\robocam_2017_05_29_12_09_41_889.jpg,0,1,0,3.548968,101.9748,88.29581,1.408968,232.2178,0.001517161
C:\Users\Matthew\Documents\GitHub\IMG\robocam_2017_05_29_12_09_41_932.jpg,0,1,0,3.575764,101.8877,88.1825,1.411883,232.2284,0.001209871
C:\Users\Matthew\Documents\GitHub\IMG\robocam_2017_05_29_12_09_41_973.jpg,0,1,0,3.60138,101.8001,88.06837,1.412898,232.2412,0.00168378
C:\Users\Matthew\Documents\GitHub\IMG\robocam_2017_05_29_12_09_42_015.jpg,0,1,0,3.627344,101.7118,87.95335,1.416885,232.2527,0.001540945
C:\Users\Matthew\Documents\GitHub\IMG\robocam_2017_05_29_12_09_42_056.jpg,0,1,0,3.653972,101.6229,87.83752,1.419377,232.2635,0.001222579
C:\Users\Matthew\Documents\GitHub\IMG\robocam_2017_05_29_12_09_42_097.jpg,0,1,0,3.679428,101.5334,87.72086,1.419542,232.2765,0.001687895
C:\Users\Matthew\Documents\GitHub\IMG\robocam_2017_05_29_12_09_42_139.jpg,-1.137438,1,0,3.705215,101.4433,87.60336,1.422357,232.2805,0.001639003
C:\Users\Matthew\Documents\GitHub\IMG\robocam_2017_05_29_12_09_42_180.jpg,-3.005385,1,0,3.731549,101.3522,87.48532,1.423411,232.2035,0.002003037
C:\Users\Matthew\Documents\GitHub\IMG\robocam_2017_05_29_12_09_42_222.jpg,-4.892386,1,0,3.756451,101.2598,87.36707,1.420732,231.9908,0.003490312
C:\Users\Matthew\Documents\GitHub\IMG\robocam_2017_05_29_12_09_42_264.jpg,-6.775247,1,0,3.781559,101.1181,87.19017,1.401434,231.3436,359.9875
C:\Users\Matthew\Documents\GitHub\IMG\robocam_2017_05_29_12_09_42_305.jpg,-5.215429,1,0,3.806392,101.0215,87.07257,1.378553,230.7876,359.9594
C:\Users\Matthew\Documents\GitHub\IMG\robocam_2017_05_29_12_09_42_345.jpg,-3.381018,1,0,3.832062,100.9238,86.95467,1.34997,230.3018,359.9337
C:\Users\Matthew\Documents\GitHub\IMG\robocam_2017_05_29_12_09_42_388.jpg,-1.478526,1,0,3.87074,100.8253,86.8362,1.317108,229.9514,359.9167
C:\Users\Matthew\Documents\GitHub\IMG\robocam_2017_05_29_12_09_42_430.jpg,0,1,0,3.896729,100.7261,86.71696,1.286346,229.7604,359.9086
C:\Users\Matthew\Documents\GitHub\IMG\robocam_2017_05_29_12_09_42_472.jpg,0,1,0,3.921556,100.6259,86.59692,1.268349,229.6848,359.8987
C:\Users\Matthew\Documents\GitHub\IMG\robocam_2017_05_29_12_09_42_514.jpg,0,1,0,3.946352,100.5248,86.4761,1.261529,229.6632,359.8904
C:\Users\Matthew\Documents\GitHub\IMG\robocam_2017_05_29_12_09_42_555.jpg,0,1,0,3.970685,100.423,86.35443,1.261526,229.6689,359.8902
C:\Users\Matthew\Documents\GitHub\IMG\robocam_2017_05_29_12_09_42_599.jpg,0,1,0,3.996079,100.3204,86.23192,1.269732,229.6831,359.8962
C:\Users\Matthew\Documents\GitHub\IMG\robocam_2017_05_29_12_09_42_640.jpg,0,1,0,4.02076,100.217,86.10855,1.287772,229.7031,359.9063
C:\Users\Matthew\Documents\GitHub\IMG\robocam_2017_05_29_12_09_42_681.jpg,0,1,0,4.045363,100.1129,85.98428,1.314756,229.7265,359.9228
C:\Users\Matthew\Documents\GitHub\IMG\robocam_2017_05_29_12_09_42_724.jpg,0,1,0,4.069516,99.95561,85.7962,1.363657,229.7671,359.9674
C:\Users\Matthew\Documents\GitHub\IMG\robocam_2017_05_29_12_09_42_766.jpg,0,1,0,4.094682,99.84987,85.66978,1.403771,229.7915,0.0004553048
C:\Users\Matthew\Documents\GitHub\IMG\robocam_2017_05_29_12_09_42_809.jpg,-1.782514,1,0,4.131124,99.74286,85.54308,1.446644,229.757,0.002740473
C:\Users\Matthew\Documents\GitHub\IMG\robocam_2017_05_29_12_09_42_852.jpg,-3.673212,1,0,4.154834,99.63492,85.41622,1.476298,229.61,0.003680239
C:\Users\Matthew\Documents\GitHub\IMG\robocam_2017_05_29_12_09_42_893.jpg,-5.61494,1,0,4.180849,99.52591,85.28953,1.47902,229.3193,0.005104064
C:\Users\Matthew\Documents\GitHub\IMG\robocam_2017_05_29_12_09_42_933.jpg,-7.418042,1,0,4.20558,99.41541,85.16336,1.458263,228.8555,0.002493933
C:\Users\Matthew\Documents\GitHub\IMG\robocam_2017_05_29_12_09_42_976.jpg,-9.325343,1,0,4.228942,99.30271,85.0382,1.424199,228.1998,359.9722
C:\Users\Matthew\Documents\GitHub\IMG\robocam_2017_05_29_12_09_43_018.jpg,-11.21262,1,0,4.251293,99.18762,84.91444,1.372296,227.3539,359.9075
C:\Users\Matthew\Documents\GitHub\IMG\robocam_2017_05_29_12_09_43_060.jpg,-13.11944,1,0,4.272847,99.07054,84.7925,1.273996,226.2998,359.8324
C:\Users\Matthew\Documents\GitHub\IMG\robocam_2017_05_29_12_09_43_100.jpg,-14.88949,1,0,4.295103,98.95062,84.67303,1.141062,225.0563,359.7216
C:\Users\Matthew\Documents\GitHub\IMG\robocam_2017_05_29_12_09_43_141.jpg,-15,1,0,4.3145,98.82795,84.55637,0.9676465,223.6441,359.5784
C:\Users\Matthew\Documents\GitHub\IMG\robocam_2017_05_29_12_09_43_182.jpg,-15,1,0,4.335299,98.70251,84.44263,0.7554113,222.1457,359.4055
C:\Users\Matthew\Documents\GitHub\IMG\robocam_2017_05_29_12_09_43_225.jpg,-13.65809,1,0,4.354474,98.50928,84.27757,0.3743001,219.8834,359.0944
C:\Users\Matthew\Documents\GitHub\IMG\robocam_2017_05_29_12_09_43_267.jpg,-11.74896,1,0,4.384794,98.3774,84.17076,0.08574938,218.4934,358.8693
C:\Users\Matthew\Documents\GitHub\IMG\robocam_2017_05_29_12_09_43_309.jpg,-9.843137,1,0,4.403027,98.24288,84.0646,359.8493,217.3365,358.7003
C:\Users\Matthew\Documents\GitHub\IMG\robocam_2017_05_29_12_09_43_351.jpg,-8.012212,1,0,4.409403,98.10588,83.95734,359.7389,216.4322,358.6468
C:\Users\Matthew\Documents\GitHub\IMG\robocam_2017_05_29_12_09_43_392.jpg,-6.131172,1,0,4.415422,97.96665,83.84957,359.7263,215.7247,358.7101
C:\Users\Matthew\Documents\GitHub\IMG\robocam_2017_05_29_12_09_43_435.jpg,-4.208603,1,0,4.439454,97.8241,83.74191,359.8206,215.1772,358.8473
C:\Users\Matthew\Documents\GitHub\IMG\robocam_2017_05_29_12_09_43_476.jpg,-2.340604,1,0,4.47721,97.67696,83.63521,0.01822044,214.7072,358.9731
C:\Users\Matthew\Documents\GitHub\IMG\robocam_2017_05_29_12_09_43_518.jpg,-0.4430393,1,0,4.499388,97.5275,83.52999,0.1979271,214.33,359.0811
C:\Users\Matthew\Documents\GitHub\IMG\robocam_2017_05_29_12_09_43_560.jpg,0,1,0,4.522748,97.37684,83.42531,0.359453,214.1217,359.1886
C:\Users\Matthew\Documents\GitHub\IMG\robocam_2017_05_29_12_09_43_603.jpg,0,1,0,4.547093,97.14904,83.26861,0.5709185,213.9774,359.3634
C:\Users\Matthew\Documents\GitHub\IMG\robocam_2017_05_29_12_09_43_643.jpg,0,1,0,4.570677,96.99592,83.1641,0.7037994,213.941,359.4813
C:\Users\Matthew\Documents\GitHub\IMG\robocam_2017_05_29_12_09_43_686.jpg,-0.1336204,1,0,4.606086,96.84167,83.05936,0.8417485,213.9272,359.5925
C:\Users\Matthew\Documents\GitHub\IMG\robocam_2017_05_29_12_09_43_727.jpg,-1.990179,1,0,4.629047,96.68629,82.95453,0.9841954,213.8792,359.6922
C:\Users\Matthew\Documents\GitHub\IMG\robocam_2017_05_29_12_09_43_771.jpg,-3.93365,1,0,4.651924,96.5296,82.84998,1.127028,213.7241,359.7744
C:\Users\Matthew\Documents\GitHub\IMG\robocam_2017_05_29_12_09_43_813.jpg,-5.859639,1,0,4.674486,96.37172,82.74599,1.256378,213.4289,359.8442
C:\Users\Matthew\Documents\GitHub\IMG\robocam_2017_05_29_12_09_43_854.jpg,-7.719159,1,0,4.697181,96.21259,82.643,1.362043,212.9659,359.9026
C:\Users\Matthew\Documents\GitHub\IMG\robocam_2017_05_29_12_09_43_897.jpg,-6.35166,1,0,4.720801,96.05235,82.54111,1.432262,212.3627,359.9615
C:\Users\Matthew\Documents\GitHub\IMG\robocam_2017_05_29_12_09_43_939.jpg,-4.464973,1,0,4.744983,95.89079,82.44011,1.482518,211.7664,0.007819821
C:\Users\Matthew\Documents\GitHub\IMG\robocam_2017_05_29_12_09_43_981.jpg,-2.579702,1,0,4.768611,95.72761,82.34014,1.524491,211.2634,0.007768086
C:\Users\Matthew\Documents\GitHub\IMG\robocam_2017_05_29_12_09_44_024.jpg,-0.6663063,1,0,4.792961,95.48148,82.19048,1.539759,210.77,0.005399773
C:\Users\Matthew\Documents\GitHub\IMG\robocam_2017_05_29_12_09_44_064.jpg,0,1,0,4.817409,95.31665,82.0907,1.517234,210.6146,0.003517927
C:\Users\Matthew\Documents\GitHub\IMG\robocam_2017_05_29_12_09_44_105.jpg,0,1,0,4.841578,95.15102,81.99084,1.481193,210.5427,0.001976826
C:\Users\Matthew\Documents\GitHub\IMG\robocam_2017_05_29_12_09_44_146.jpg,0,1,0,4.876235,94.98434,81.89075,1.451476,210.5211,0.001063236
C:\Users\Matthew\Documents\GitHub\IMG\robocam_2017_05_29_12_09_44_188.jpg,-0.7004587,1,0,4.89907,94.81666,81.79034,1.428825,210.5176,0.0007890789
C:\Users\Matthew\Documents\GitHub\IMG\robocam_2017_05_29_12_09_44_229.jpg,-2.579375,1,0,4.921909,94.64785,81.68982,1.41268,210.465,0.0009369278
C:\Users\Matthew\Documents\GitHub\IMG\robocam_2017_05_29_12_09_44_269.jpg,-4.392266,1,0,4.944374,94.47771,81.58965,1.400414,210.3044,359.9901
C:\Users\Matthew\Documents\GitHub\IMG\robocam_2017_05_29_12_09_44_310.jpg,-6.229271,1,0,4.966476,94.30607,81.49024,1.390245,210.0019,359.9579
C:\Users\Matthew\Documents\GitHub\IMG\robocam_2017_05_29_12_09_44_350.jpg,-7.990423,1,0,4.987905,94.13287,81.39196,1.376023,209.5457,359.9017
C:\Users\Matthew\Documents\GitHub\IMG\robocam_2017_05_29_12_09_44_391.jpg,-9.881107,1,0,5.009532,93.95854,81.29505,1.331158,208.9193,359.842
C:\Users\Matthew\Documents\GitHub\IMG\robocam_2017_05_29_12_09_44_434.jpg,-11.75675,1,0,5.022153,93.78336,81.20049,1.239159,208.0467,359.7817
C:\Users\Matthew\Documents\GitHub\IMG\robocam_2017_05_29_12_09_44_475.jpg,-13.6603,1,0,5.000056,93.60764,81.11004,1.113235,207.149,359.6646
C:\Users\Matthew\Documents\GitHub\IMG\robocam_2017_05_29_12_09_44_516.jpg,-15,1,0,5.049785,93.42977,81.02229,0.9567441,205.8369,359.542
C:\Users\Matthew\Documents\GitHub\IMG\robocam_2017_05_29_12_09_44_557.jpg,-15,1,0,5.007506,93.2516,80.93846,0.7761135,204.3297,359.4095
C:\Users\Matthew\Documents\GitHub\IMG\robocam_2017_05_29_12_09_44_597.jpg,-15,1,0,5.002047,93.07258,80.8599,0.5390875,202.9637,359.215
C:\Users\Matthew\Documents\GitHub\IMG\robocam_2017_05_29_12_09_44_638.jpg,-15,1,0,5.00652,92.8924,80.78542,0.2580577,201.5657,358.9981
C:\Users\Matthew\Documents\GitHub\IMG\robocam_2017_05_29_12_09_44_679.jpg,-15,1,0,5.008471,92.71103,80.71533,359.9482,200.1676,358.7553
C:\Users\Matthew\Documents\GitHub\IMG\robocam_2017_05_29_12_09_44_721.jpg,-15,1,0,5.001695,92.52695,80.64668,359.7693,198.9494,358.5844
C:\Users\Matthew\Documents\GitHub\IMG\robocam_2017_05_29_12_09_44_764.jpg,-15,1,0,5.000956,92.2457,80.54604,359.7377,197.2603,358.5407
C:\Users\Matthew\Documents\GitHub\IMG\robocam_2017_05_29_12_09_44_805.jpg,-15,1,0,5.000844,92.05495,80.48265,359.8218,196.1428,358.573
C:\Users\Matthew\Documents\GitHub\IMG\robocam_2017_05_29_12_09_44_846.jpg,-15,1,0,5.001226,91.86153,80.42243,359.9927,195.0087,358.6649
C:\Users\Matthew\Documents\GitHub\IMG\robocam_2017_05_29_12_09_44_887.jpg,-15,1,0,5.048387,91.66577,80.36765,0.1532528,193.6486,358.7569
C:\Users\Matthew\Documents\GitHub\IMG\robocam_2017_05_29_12_09_44_928.jpg,-15,1,0,5.008525,91.4703,80.31847,0.2578064,192.1302,358.8367
C:\Users\Matthew\Documents\GitHub\IMG\robocam_2017_05_29_12_09_44_971.jpg,-15,1,0,5.005695,91.27503,80.27592,0.2677496,190.4753,358.8633
C:\Users\Matthew\Documents\GitHub\IMG\robocam_2017_05_29_12_09_45_011.jpg,-15,1,0,5.005601,91.08015,80.2398,0.1859742,188.789,358.8339
C:\Users\Matthew\Documents\GitHub\IMG\robocam_2017_05_29_12_09_45_052.jpg,-15,1,0,5.00468,90.88586,80.20905,0.02074755,187.1798,358.7824
C:\Users\Matthew\Documents\GitHub\IMG\robocam_2017_05_29_12_09_45_092.jpg,-15,1,0,5.001039,90.68987,80.18153,359.9263,185.7863,358.7831
C:\Users\Matthew\Documents\GitHub\IMG\robocam_2017_05_29_12_09_45_134.jpg,-15,1,0,5.002906,90.48979,80.16087,359.9794,184.2703,358.7155
C:\Users\Matthew\Documents\GitHub\IMG\robocam_2017_05_29_12_09_45_174.jpg,-15,1,0,5.002567,90.28948,80.14567,0.04861633,182.8453,358.6204
C:\Users\Matthew\Documents\GitHub\IMG\robocam_2017_05_29_12_09_45_215.jpg,-13.43671,1,0,5.003717,90.09118,80.13367,359.9942,181.4431,358.6023
C:\Users\Matthew\Documents\GitHub\IMG\robocam_2017_05_29_12_09_45_255.jpg,-11.61972,1,0,5.001863,89.89146,80.12498,0.01211558,180.2311,358.6212
C:\Users\Matthew\Documents\GitHub\IMG\robocam_2017_05_29_12_09_45_295.jpg,-9.834712,1,0,5.003125,89.69147,80.11979,0.0227702,179.0478,358.7054
C:\Users\Matthew\Documents\GitHub\IMG\robocam_2017_05_29_12_09_45_337.jpg,-7.951486,1,0,5.004724,89.49155,80.12007,0.002128618,177.945,358.7664
C:\Users\Matthew\Documents\GitHub\IMG\robocam_2017_05_29_12_09_45_377.jpg,-6.13288,1,0,5.016094,89.29119,80.12297,0.01676795,177.051,358.8706
C:\Users\Matthew\Documents\GitHub\IMG\robocam_2017_05_29_12_09_45_419.jpg,-4.262993,1,0,5.010183,89.09117,80.13131,0.0109585,176.3094,358.9116
C:\Users\Matthew\Documents\GitHub\IMG\robocam_2017_05_29_12_09_45_459.jpg,-2.42836,1,0,5.0113,88.89123,80.14289,0.01180588,175.7565,358.9109
C:\Users\Matthew\Documents\GitHub\IMG\robocam_2017_05_29_12_09_45_503.jpg,-0.5130516,1,0,5.012002,88.59145,80.16319,0.008762386,175.2487,358.9256
C:\Users\Matthew\Documents\GitHub\IMG\robocam_2017_05_29_12_09_45_545.jpg,0,1,0,5.011581,88.39146,80.17796,0.01477509,175.0932,358.9541
C:\Users\Matthew\Documents\GitHub\IMG\robocam_2017_05_29_12_09_45_587.jpg,0,1,0,5.012049,88.19128,80.19366,0.0339723,175.0096,358.9855
C:\Users\Matthew\Documents\GitHub\IMG\robocam_2017_05_29_12_09_45_627.jpg,0,1,0,5.011066,87.99086,80.2101,0.07145356,174.9695,359.0174
C:\Users\Matthew\Documents\GitHub\IMG\robocam_2017_05_29_12_09_45_668.jpg,0,1,0,5.011111,87.79018,80.22691,0.1241213,174.9519,359.0583
C:\Users\Matthew\Documents\GitHub\IMG\robocam_2017_05_29_12_09_45_708.jpg,-1.076394,1,0,5.004408,87.589,80.24424,0.2074502,174.9281,359.0977
C:\Users\Matthew\Documents\GitHub\IMG\robocam_2017_05_29_12_09_45_750.jpg,-2.936045,1,0,5.005863,87.3878,80.26225,0.2973032,174.8241,359.1402
C:\Users\Matthew\Documents\GitHub\IMG\robocam_2017_05_29_12_09_45_791.jpg,-4.814777,1,0,5.011637,87.18696,80.28098,0.3723297,174.6179,359.1936
C:\Users\Matthew\Documents\GitHub\IMG\robocam_2017_05_29_12_09_45_835.jpg,-6.746285,1,0,5.011498,86.98633,80.30119,0.444846,174.2631,359.2372
C:\Users\Matthew\Documents\GitHub\IMG\robocam_2017_05_29_12_09_45_877.jpg,-5.189495,1,0,5.011305,86.78602,80.32288,0.5090249,173.7942,359.2739
C:\Users\Matthew\Documents\GitHub\IMG\robocam_2017_05_29_12_09_45_919.jpg,-3.307657,1,0,5.00545,86.58567,80.34584,0.5812922,173.3253,359.3018
C:\Users\Matthew\Documents\GitHub\IMG\robocam_2017_05_29_12_09_45_960.jpg,-1.450811,1,0,5.003103,86.38548,80.36974,0.6543821,172.9667,359.3231
C:\Users\Matthew\Documents\GitHub\IMG\robocam_2017_05_29_12_09_46_001.jpg,0,1,0,5.019732,86.1854,80.39324,0.69875,172.6988,359.3932
C:\Users\Matthew\Documents\GitHub\IMG\robocam_2017_05_29_12_09_46_041.jpg,0,1,0,5.015596,85.98599,80.41741,0.734613,172.6995,359.4537
C:\Users\Matthew\Documents\GitHub\IMG\robocam_2017_05_29_12_09_46_084.jpg,0,1,0,4.998407,85.68604,80.45453,0.8214478,172.6552,359.5422
C:\Users\Matthew\Documents\GitHub\IMG\robocam_2017_05_29_12_09_46_125.jpg,0,1,0,5.016064,85.48586,80.47958,0.8968189,172.653,359.5996
C:\Users\Matthew\Documents\GitHub\IMG\robocam_2017_05_29_12_09_46_168.jpg,0,1,0,4.995843,85.28556,80.50465,0.9791565,172.6691,359.6614
C:\Users\Matthew\Documents\GitHub\IMG\robocam_2017_05_29_12_09_46_208.jpg,0,1,0,5.015612,85.08491,80.52967,1.06733,172.6868,359.7306
C:\Users\Matthew\Documents\GitHub\IMG\robocam_2017_05_29_12_09_46_249.jpg,0,1,0,5.021188,84.88416,80.55466,1.164968,172.7062,359.8018
C:\Users\Matthew\Documents\GitHub\IMG\robocam_2017_05_29_12_09_46_293.jpg,0,1,0,5.016564,84.68375,80.57948,1.255083,172.7465,359.8773
C:\Users\Matthew\Documents\GitHub\IMG\robocam_2017_05_29_12_09_46_335.jpg,-1.221848,1,0,5.006757,84.48299,80.60426,1.356665,172.7642,359.9553
C:\Users\Matthew\Documents\GitHub\IMG\robocam_2017_05_29_12_09_46_376.jpg,-3.132557,1,0,5.001883,84.2824,80.62985,1.454668,172.6942,0.003875246
C:\Users\Matthew\Documents\GitHub\IMG\robocam_2017_05_29_12_09_46_416.jpg,-4.912358,1,0,4.992858,84.08219,80.65685,1.542908,172.4888,0.006038689
C:\Users\Matthew\Documents\GitHub\IMG\robocam_2017_05_29_12_09_46_458.jpg,-6.828886,1,0,5.008922,83.88345,80.68449,1.545724,172.1426,0.009326922
C:\Users\Matthew\Documents\GitHub\IMG\robocam_2017_05_29_12_09_46_499.jpg,-8.577432,1,0,5.053957,83.68611,80.71329,1.432595,171.6269,0.00744195
C:\Users\Matthew\Documents\GitHub\IMG\robocam_2017_05_29_12_09_46_540.jpg,-8.033869,1,0,4.99441,83.49249,80.74419,1.288171,170.9448,359.9619
C:\Users\Matthew\Documents\GitHub\IMG\robocam_2017_05_29_12_09_46_583.jpg,-6.146513,1,0,5.012617,83.19849,80.79487,1.154362,169.966,359.8205
C:\Users\Matthew\Documents\GitHub\IMG\robocam_2017_05_29_12_09_46_624.jpg,-4.287831,1,0,5.013597,83.00252,80.83036,1.079366,169.4335,359.7006
C:\Users\Matthew\Documents\GitHub\IMG\robocam_2017_05_29_12_09_46_668.jpg,-2.357792,1,0,5.011765,82.80673,80.86627,0.9981615,169.024,359.6039
C:\Users\Matthew\Documents\GitHub\IMG\robocam_2017_05_29_12_09_46_708.jpg,-0.4949955,1,0,5.012252,82.61126,80.90243,0.9008585,168.7422,359.5381
C:\Users\Matthew\Documents\GitHub\IMG\robocam_2017_05_29_12_09_46_749.jpg,0,1,0,5.011973,82.41589,80.93913,0.8026152,168.5894,359.4875
C:\Users\Matthew\Documents\GitHub\IMG\robocam_2017_05_29_12_09_46_791.jpg,0,1,0,5.012272,82.2205,80.97655,0.7138988,168.5166,359.4424
C:\Users\Matthew\Documents\GitHub\IMG\robocam_2017_05_29_12_09_46_833.jpg,0,1,0,5.011643,82.02489,81.01468,0.6455843,168.4882,359.3974
C:\Users\Matthew\Documents\GitHub\IMG\robocam_2017_05_29_12_09_46_876.jpg,-0.6255364,1,0,5.011646,81.82903,81.05322,0.5966758,168.4815,359.3598
C:\Users\Matthew\Documents\GitHub\IMG\robocam_2017_05_29_12_09_46_916.jpg,-2.427734,1,0,5.016788,81.63283,81.09248,0.5692978,168.4254,359.3234
C:\Users\Matthew\Documents\GitHub\IMG\robocam_2017_05_29_12_09_46_957.jpg,-4.277347,1,0,5.01561,81.43675,81.13268,0.553449,168.2679,359.287
C:\Users\Matthew\Documents\GitHub\IMG\robocam_2017_05_29_12_09_47_000.jpg,-6.213507,1,0,5.022011,81.24062,81.17445,0.5571676,167.9688,359.2317
C:\Users\Matthew\Documents\GitHub\IMG\robocam_2017_05_29_12_09_47_044.jpg,-8.18969,1,0,5.020727,80.94861,81.2386,0.4809761,167.1679,359.217
C:\Users\Matthew\Documents\GitHub\IMG\robocam_2017_05_29_12_09_47_085.jpg,-10.0149,1,0,5.025683,80.75508,81.28532,0.4330629,166.3456,359.1472
C:\Users\Matthew\Documents\GitHub\IMG\robocam_2017_05_29_12_09_47_125.jpg,-11.85167,1,0,5.010924,80.56236,81.33411,0.3548827,165.4546,359.0891
C:\Users\Matthew\Documents\GitHub\IMG\robocam_2017_05_29_12_09_47_170.jpg,-13.79846,1,0,5.010575,80.37125,81.38612,0.237337,164.3895,359.0143
C:\Users\Matthew\Documents\GitHub\IMG\robocam_2017_05_29_12_09_47_211.jpg,-15,1,0,5.008989,80.18179,81.44227,0.1009033,163.1755,358.8923
C:\Users\Matthew\Documents\GitHub\IMG\robocam_2017_05_29_12_09_47_252.jpg,-14.52703,1,0,5.008737,79.99393,81.50167,359.9365,161.9036,358.7617
C:\Users\Matthew\Documents\GitHub\IMG\robocam_2017_05_29_12_09_47_293.jpg,-12.72979,1,0,5.003062,79.80512,81.56317,359.869,160.7664,358.7095
C:\Users\Matthew\Documents\GitHub\IMG\robocam_2017_05_29_12_09_47_335.jpg,-10.85331,1,0,5.002953,79.61511,81.628,359.9201,159.7917,358.711
C:\Users\Matthew\Documents\GitHub\IMG\robocam_2017_05_29_12_09_47_376.jpg,-8.973464,1,0,5.003237,79.42455,81.69594,0.0566171,158.9729,358.7578
C:\Users\Matthew\Documents\GitHub\IMG\robocam_2017_05_29_12_09_47_418.jpg,-7.076935,1,0,5.005757,79.23596,81.76634,0.1095441,158.1138,358.8406
C:\Users\Matthew\Documents\GitHub\IMG\robocam_2017_05_29_12_09_47_461.jpg,-5.157354,1,0,5.009429,79.04931,81.83844,0.1054714,157.2888,358.9523
C:\Users\Matthew\Documents\GitHub\IMG\robocam_2017_05_29_12_09_47_505.jpg,-3.189716,1,0,5.012399,78.77209,81.9539,0.09093045,156.3013,359.008
C:\Users\Matthew\Documents\GitHub\IMG\robocam_2017_05_29_12_09_47_545.jpg,-1.352449,1,0,5.010883,78.58831,82.03365,0.09168588,155.898,359.0065
C:\Users\Matthew\Documents\GitHub\IMG\robocam_2017_05_29_12_09_47_586.jpg,0,1,0,5.011585,78.40475,82.11436,0.09886466,155.6642,359.0089
C:\Users\Matthew\Documents\GitHub\IMG\robocam_2017_05_29_12_09_47_627.jpg,0,1,0,5.01164,78.22131,82.19575,0.1129497,155.5431,359.0213
C:\Users\Matthew\Documents\GitHub\IMG\robocam_2017_05_29_12_09_47_669.jpg,0,1,0,5.011667,78.03796,82.27768,0.1346347,155.482,359.0456
C:\Users\Matthew\Documents\GitHub\IMG\robocam_2017_05_29_12_09_47_709.jpg,0,1,0,5.011677,77.85461,82.36004,0.165041,155.4536,359.0831
C:\Users\Matthew\Documents\GitHub\IMG\robocam_2017_05_29_12_09_47_750.jpg,0,1,0,5.004569,77.67097,82.44322,0.2294656,155.4321,359.1137
C:\Users\Matthew\Documents\GitHub\IMG\robocam_2017_05_29_12_09_47_790.jpg,0,1,0,5.006314,77.48722,82.5265,0.3016795,155.4254,359.1612
C:\Users\Matthew\Documents\GitHub\IMG\robocam_2017_05_29_12_09_47_833.jpg,0,1,0,5.007018,77.30333,82.60996,0.386908,155.4295,359.2175
C:\Users\Matthew\Documents\GitHub\IMG\robocam_2017_05_29_12_09_47_875.jpg,0,1,0,5.006116,77.1193,82.69349,0.4801299,155.4322,359.2878
C:\Users\Matthew\Documents\GitHub\IMG\robocam_2017_05_29_12_09_47_917.jpg,0,1,0,5.006734,76.93517,82.77705,0.5788566,155.4384,359.3701
C:\Users\Matthew\Documents\GitHub\IMG\robocam_2017_05_29_12_09_47_959.jpg,0,1,0,5.007422,76.7509,82.86072,0.6861982,155.4438,359.4584
C:\Users\Matthew\Documents\GitHub\IMG\robocam_2017_05_29_12_09_48_003.jpg,0,1,0,5.008745,76.47417,82.98641,0.867328,155.4614,359.5948
C:\Users\Matthew\Documents\GitHub\IMG\robocam_2017_05_29_12_09_48_046.jpg,0,1,0,5.008818,76.28957,83.07011,0.9928988,155.4792,359.6918
C:\Users\Matthew\Documents\GitHub\IMG\robocam_2017_05_29_12_09_48_088.jpg,0,1,0,5.018643,76.10475,83.15386,1.128126,155.4973,359.789
C:\Users\Matthew\Documents\GitHub\IMG\robocam_2017_05_29_12_09_48_128.jpg,0,1,0,5.026103,75.91977,83.2375,1.265399,155.5147,359.8898
C:\Users\Matthew\Documents\GitHub\IMG\robocam_2017_05_29_12_09_48_171.jpg,0,1,0,5.013878,75.73537,83.32065,1.38693,155.5741,359.9925
C:\Users\Matthew\Documents\GitHub\IMG\robocam_2017_05_29_12_09_48_212.jpg,0,1,0,5.006118,75.55119,83.40517,1.50866,155.5646,0.006793964
C:\Users\Matthew\Documents\GitHub\IMG\robocam_2017_05_29_12_09_48_253.jpg,0,1,0,5.006329,75.36863,83.48902,1.527504,155.5414,0.007437516
C:\Users\Matthew\Documents\GitHub\IMG\robocam_2017_05_29_12_09_48_295.jpg,0,1,0,5.05269,75.18687,83.57203,1.433739,155.6358,0.0009723791
C:\Users\Matthew\Documents\GitHub\IMG\robocam_2017_05_29_12_09_48_336.jpg,0,1,0,4.995996,75.00776,83.65312,1.314678,155.5721,0.002057763
C:\Users\Matthew\Documents\GitHub\IMG\robocam_2017_05_29_12_09_48_378.jpg,0,1,0,5.012546,74.82602,83.73521,1.252047,155.603,0.001941785
C:\Users\Matthew\Documents\GitHub\IMG\robocam_2017_05_29_12_09_48_418.jpg,0,1,0,5.012595,74.64392,83.81725,1.20382,155.6255,0.001595788
C:\Users\Matthew\Documents\GitHub\IMG\robocam_2017_05_29_12_09_48_459.jpg,0,1,0,5.013638,74.46151,83.89927,1.171183,155.644,0.001434533
C:\Users\Matthew\Documents\GitHub\IMG\robocam_2017_05_29_12_09_48_503.jpg,0,1,0,5.01601,74.18755,84.02222,1.145775,155.6808,0.0009650638
C:\Users\Matthew\Documents\GitHub\IMG\robocam_2017_05_29_12_09_48_544.jpg,0,1,0,5.021289,74.00468,84.10419,1.143324,155.7132,0.0004812506
C:\Users\Matthew\Documents\GitHub\IMG\robocam_2017_05_29_12_09_48_584.jpg,0,1,0,5.016575,73.82132,84.18625,1.153557,155.7309,0.001292235
C:\Users\Matthew\Documents\GitHub\IMG\robocam_2017_05_29_12_09_48_624.jpg,0,1,0,5.007561,73.63787,84.26826,1.174073,155.7469,0.001415587
C:\Users\Matthew\Documents\GitHub\IMG\robocam_2017_05_29_12_09_48_667.jpg,-0.1251151,1,0,5.024795,73.45421,84.3503,1.203276,155.7598,0.001636778
C:\Users\Matthew\Documents\GitHub\IMG\robocam_2017_05_29_12_09_48_707.jpg,-1.964781,1,0,5.014568,73.27106,84.43227,1.227461,155.756,0.001621688
C:\Users\Matthew\Documents\GitHub\IMG\robocam_2017_05_29_12_09_48_748.jpg,-3.769993,1,0,5.007898,73.08766,84.51501,1.266056,155.6234,0.002088627
C:\Users\Matthew\Documents\GitHub\IMG\robocam_2017_05_29_12_09_48_791.jpg,-5.732401,1,0,5.003619,72.90473,84.59881,1.30676,155.3486,359.9929
C:\Users\Matthew\Documents\GitHub\IMG\robocam_2017_05_29_12_09_48_835.jpg,-7.695269,1,0,4.995506,72.7226,84.68411,1.345177,154.9197,359.9576
C:\Users\Matthew\Documents\GitHub\IMG\robocam_2017_05_29_12_09_48_875.jpg,-7.283215,1,0,5.01451,72.54118,84.7713,1.380173,154.346,359.8933
C:\Users\Matthew\Documents\GitHub\IMG\robocam_2017_05_29_12_09_48_915.jpg,-5.488409,1,0,5.015267,72.36098,84.8581,1.351388,153.7496,359.8794
C:\Users\Matthew\Documents\GitHub\IMG\robocam_2017_05_29_12_09_48_957.jpg,-3.628102,1,0,4.998222,72.18197,84.94655,1.309238,153.2574,359.8419
C:\Users\Matthew\Documents\GitHub\IMG\robocam_2017_05_29_12_09_48_997.jpg,-1.817071,1,0,5.017731,72.00314,85.03625,1.27081,152.847,359.7913
C:\Users\Matthew\Documents\GitHub\IMG\robocam_2017_05_29_12_09_49_037.jpg,-0.04287893,1,0,5.019136,71.8249,85.12559,1.201899,152.5795,359.7799
C:\Users\Matthew\Documents\GitHub\IMG\robocam_2017_05_29_12_09_49_079.jpg,0,1,0,5.027991,71.64687,85.21605,1.147725,152.4657,359.7489
C:\Users\Matthew\Documents\GitHub\IMG\robocam_2017_05_29_12_09_49_120.jpg,0,1,0,5.012374,71.46962,85.3067,1.0928,152.4126,359.7161
C:\Users\Matthew\Documents\GitHub\IMG\robocam_2017_05_29_12_09_49_163.jpg,0,1,0,5.006748,71.20259,85.44398,1.055828,152.4031,359.6698
C:\Users\Matthew\Documents\GitHub\IMG\robocam_2017_05_29_12_09_49_206.jpg,0,1,0,5.001356,71.02435,85.53575,1.047077,152.4134,359.6497
C:\Users\Matthew\Documents\GitHub\IMG\robocam_2017_05_29_12_09_49_249.jpg,0,1,0,5.01249,70.84666,85.62714,1.031318,152.4568,359.6452
C:\Users\Matthew\Documents\GitHub\IMG\robocam_2017_05_29_12_09_49_289.jpg,0,1,0,5.002881,70.66835,85.71889,1.035446,152.484,359.6507
C:\Users\Matthew\Documents\GitHub\IMG\robocam_2017_05_29_12_09_49_332.jpg,0,1,0,4.991752,70.48995,85.81069,1.049131,152.5246,359.6638
C:\Users\Matthew\Documents\GitHub\IMG\robocam_2017_05_29_12_09_49_373.jpg,0,1,0,5.017501,70.3111,85.90247,1.06918,152.5456,359.6958
C:\Users\Matthew\Documents\GitHub\IMG\robocam_2017_05_29_12_09_49_416.jpg,0,1,0,5.025857,70.13209,85.99436,1.103179,152.5597,359.7311
C:\Users\Matthew\Documents\GitHub\IMG\robocam_2017_05_29_12_09_49_459.jpg,-0.7586981,1,0,5.013569,69.95357,86.08591,1.131547,152.6369,359.7718
C:\Users\Matthew\Documents\GitHub\IMG\robocam_2017_05_29_12_09_49_500.jpg,-2.58037,1,0,5.006121,69.77457,86.17809,1.180309,152.6106,359.8107
C:\Users\Matthew\Documents\GitHub\IMG\robocam_2017_05_29_12_09_49_540.jpg,-4.405922,1,0,4.999881,69.59589,86.27098,1.233129,152.4743,359.8386
C:\Users\Matthew\Documents\GitHub\IMG\robocam_2017_05_29_12_09_49_584.jpg,-6.337141,1,0,4.986055,69.32912,86.41228,1.306609,152.0138,359.8506
C:\Users\Matthew\Documents\GitHub\IMG\robocam_2017_05_29_12_09_49_625.jpg,-8.240419,1,0,5.016598,69.15234,86.50794,1.333683,151.4735,359.8541
C:\Users\Matthew\Documents\GitHub\IMG\robocam_2017_05_29_12_09_49_666.jpg,-10.03643,1,0,5.015093,68.97726,86.60477,1.300436,150.7134,359.8758
C:\Users\Matthew\Documents\GitHub\IMG\robocam_2017_05_29_12_09_49_708.jpg,-11.94275,1,0,5.021469,68.80434,86.70525,1.269234,149.7741,359.8138
C:\Users\Matthew\Documents\GitHub\IMG\robocam_2017_05_29_12_09_49_748.jpg,-13.77085,1,0,4.986809,68.63468,86.80776,1.188276,149.0758,359.6996
C:\Users\Matthew\Documents\GitHub\IMG\robocam_2017_05_29_12_09_49_790.jpg,-15,1,0,5.023866,68.46671,86.91209,1.039473,147.9174,359.6132
C:\Users\Matthew\Documents\GitHub\IMG\robocam_2017_05_29_12_09_49_830.jpg,-15,1,0,5.044504,68.3006,87.02006,0.8791856,146.4043,359.496
C:\Users\Matthew\Documents\GitHub\IMG\robocam_2017_05_29_12_09_49_870.jpg,-15,1,0,4.99983,68.13849,87.13066,0.6868261,144.9352,359.3375
C:\Users\Matthew\Documents\GitHub\IMG\robocam_2017_05_29_12_09_49_912.jpg,-13.9495,1,0,5.009099,67.97929,87.24469,0.449018,143.4911,359.1443
C:\Users\Matthew\Documents\GitHub\IMG\robocam_2017_05_29_12_09_49_952.jpg,-12.15636,1,0,5.010413,67.82306,87.36166,0.1760393,142.1239,358.9277
C:\Users\Matthew\Documents\GitHub\IMG\robocam_2017_05_29_12_09_49_995.jpg,-10.17005,1,0,5.009668,67.66835,87.48136,359.9321,140.9302,358.7345
C:\Users\Matthew\Documents\GitHub\IMG\robocam_2017_05_29_12_09_50_039.jpg,-8.253559,1,0,5.007888,67.51274,87.60361,359.8239,139.9764,358.641
C:\Users\Matthew\Documents\GitHub\IMG\robocam_2017_05_29_12_09_50_079.jpg,-6.367842,1,0,5.002992,67.35668,87.72816,359.8171,139.2307,358.6449
C:\Users\Matthew\Documents\GitHub\IMG\robocam_2017_05_29_12_09_50_121.jpg,-4.516421,1,0,5.015075,67.20021,87.85558,359.9102,138.6436,358.7356
C:\Users\Matthew\Documents\GitHub\IMG\robocam_2017_05_29_12_09_50_162.jpg,-2.6455,1,0,5.031367,67.04517,87.98575,0.01920545,138.1172,358.8571
C:\Users\Matthew\Documents\GitHub\IMG\robocam_2017_05_29_12_09_50_203.jpg,-0.8432368,1,0,5.013373,66.81722,88.18533,0.1592347,137.5229,358.986
C:\Users\Matthew\Documents\GitHub\IMG\robocam_2017_05_29_12_09_50_247.jpg,0,1,0,5.012002,66.66686,88.3196,0.224838,137.3154,359.0726
C:\Users\Matthew\Documents\GitHub\IMG\robocam_2017_05_29_12_09_50_290.jpg,0,1,0,5.011798,66.51743,88.4548,0.2853422,137.1984,359.1544
C:\Users\Matthew\Documents\GitHub\IMG\robocam_2017_05_29_12_09_50_331.jpg,0,1,0,5.005133,66.36855,88.59119,0.3685828,137.1361,359.2169
C:\Users\Matthew\Documents\GitHub\IMG\robocam_2017_05_29_12_09_50_371.jpg,0,1,0,5.006219,66.21993,88.72804,0.458154,137.1066,359.2817
C:\Users\Matthew\Documents\GitHub\IMG\robocam_2017_05_29_12_09_50_412.jpg,0,1,0,5.006513,66.07137,88.86514,0.553916,137.0944,359.3537
C:\Users\Matthew\Documents\GitHub\IMG\robocam_2017_05_29_12_09_50_452.jpg,0,1,0,5.007338,65.92279,89.00243,0.65814,137.0901,359.4305
C:\Users\Matthew\Documents\GitHub\IMG\robocam_2017_05_29_12_09_50_494.jpg,0,1,0,5.008687,65.77416,89.13988,0.770736,137.0972,359.5106
C:\Users\Matthew\Documents\GitHub\IMG\robocam_2017_05_29_12_09_50_535.jpg,0,1,0,5.008764,65.6254,89.2774,0.89066,137.1097,359.5951
C:\Users\Matthew\Documents\GitHub\IMG\robocam_2017_05_29_12_09_50_577.jpg,0,1,0,5.006502,65.47654,89.41499,1.020001,137.1275,359.6804
C:\Users\Matthew\Documents\GitHub\IMG\robocam_2017_05_29_12_09_50_620.jpg,0,1,0,5.001332,65.32756,89.55251,1.150811,137.153,359.771
C:\Users\Matthew\Documents\GitHub\IMG\robocam_2017_05_29_12_09_50_660.jpg,0,1,0,4.990072,65.17854,89.68983,1.280397,137.1927,359.8658
C:\Users\Matthew\Documents\GitHub\IMG\robocam_2017_05_29_12_09_50_703.jpg,0,1,0,5.015214,64.95475,89.89581,1.471439,137.2344,0.001239074
C:\Users\Matthew\Documents\GitHub\IMG\robocam_2017_05_29_12_09_50_745.jpg,0,1,0,5.019629,64.80707,90.03346,1.544256,137.223,0.009330012
C:\Users\Matthew\Documents\GitHub\IMG\robocam_2017_05_29_12_09_50_788.jpg,0,1,0,5.03367,64.66055,90.16983,1.490209,137.243,0.003057543
C:\Users\Matthew\Documents\GitHub\IMG\robocam_2017_05_29_12_09_50_828.jpg,0,1,0,5.0088,64.51471,90.30462,1.425367,137.2451,0.002692248
C:\Users\Matthew\Documents\GitHub\IMG\robocam_2017_05_29_12_09_50_869.jpg,0,1,0,5.010467,64.36768,90.44014,1.389521,137.2589,0.002444379
C:\Users\Matthew\Documents\GitHub\IMG\robocam_2017_05_29_12_09_50_910.jpg,0,1,0,5.00826,64.2204,90.57563,1.364288,137.2733,0.002163756
C:\Users\Matthew\Documents\GitHub\IMG\robocam_2017_05_29_12_09_50_953.jpg,-0.2252518,1,0,5.003056,64.07294,90.7111,1.348369,137.2898,0.001822725
C:\Users\Matthew\Documents\GitHub\IMG\robocam_2017_05_29_12_09_50_996.jpg,-2.164923,1,0,4.989677,63.92552,90.84664,1.339135,137.2738,0.001369293
C:\Users\Matthew\Documents\GitHub\IMG\robocam_2017_05_29_12_09_51_037.jpg,-3.958406,1,0,5.014092,63.77808,90.98284,1.342827,137.1548,0.002361119
C:\Users\Matthew\Documents\GitHub\IMG\robocam_2017_05_29_12_09_51_078.jpg,-5.874907,1,0,5.016113,63.63132,91.11983,1.35244,136.8964,-0.003632591
C:\Users\Matthew\Documents\GitHub\IMG\robocam_2017_05_29_12_09_51_119.jpg,-7.663829,1,0,5.020853,63.48569,91.25811,1.36467,136.4759,359.9631
C:\Users\Matthew\Documents\GitHub\IMG\robocam_2017_05_29_12_09_51_159.jpg,-9.489551,1,0,5.015908,63.34186,91.39764,1.366598,135.9126,359.8959
C:\Users\Matthew\Documents\GitHub\IMG\robocam_2017_05_29_12_09_51_199.jpg,-11.27028,1,0,5.006624,63.19973,91.53866,1.351367,135.1516,359.8083
C:\Users\Matthew\Documents\GitHub\IMG\robocam_2017_05_29_12_09_51_242.jpg,-13.2036,1,0,5.002382,63.06004,91.67972,1.246829,134.1794,359.7593
C:\Users\Matthew\Documents\GitHub\IMG\robocam_2017_05_29_12_09_51_285.jpg,-15,1,0,5.017829,62.85765,91.89642,1.013355,132.5156,359.5894
C:\Users\Matthew\Documents\GitHub\IMG\robocam_2017_05_29_12_09_51_327.jpg,-15,1,0,5.003132,62.72749,92.04307,0.7979982,131.3182,359.4317
C:\Users\Matthew\Documents\GitHub\IMG\robocam_2017_05_29_12_09_51_370.jpg,-15,1,0,5.011925,62.59987,92.19266,0.5761603,129.9063,359.2504
C:\Users\Matthew\Documents\GitHub\IMG\robocam_2017_05_29_12_09_51_410.jpg,-15,1,0,5.006908,62.47609,92.34393,0.3191492,128.4756,359.0463
C:\Users\Matthew\Documents\GitHub\IMG\robocam_2017_05_29_12_09_51_451.jpg,-15,1,0,5.008972,62.3562,92.49755,0.03143587,127.0463,358.814
C:\Users\Matthew\Documents\GitHub\IMG\robocam_2017_05_29_12_09_51_493.jpg,-15,1,0,5.0073,62.23816,92.65353,359.7959,125.7591,358.6383
C:\Users\Matthew\Documents\GitHub\IMG\robocam_2017_05_29_12_09_51_535.jpg,-15,1,0,5.001046,62.12078,92.8125,359.6873,124.6079,358.5367
C:\Users\Matthew\Documents\GitHub\IMG\robocam_2017_05_29_12_09_51_575.jpg,-15,1,0,5.000337,62.00467,92.97462,359.6815,123.4985,358.5102
C:\Users\Matthew\Documents\GitHub\IMG\robocam_2017_05_29_12_09_51_616.jpg,-15,1,0,5.000486,61.89043,93.1401,359.77,122.3917,358.5487
C:\Users\Matthew\Documents\GitHub\IMG\robocam_2017_05_29_12_09_51_659.jpg,-15,1,0,5.001109,61.77857,93.30903,359.943,121.256,358.6461
C:\Users\Matthew\Documents\GitHub\IMG\robocam_2017_05_29_12_09_51_701.jpg,-15,1,0,5.047317,61.67112,93.48169,0.1102896,119.8828,358.7466
C:\Users\Matthew\Documents\GitHub\IMG\robocam_2017_05_29_12_09_51_743.jpg,-15,1,0,5.008518,61.52051,93.743,0.2265665,117.5247,358.8773
C:\Users\Matthew\Documents\GitHub\IMG\robocam_2017_05_29_12_09_51_786.jpg,-15,1,0,5.005656,61.42834,93.9193,0.1855776,115.8335,358.8884
C:\Users\Matthew\Documents\GitHub\IMG\robocam_2017_05_29_12_09_51_826.jpg,-15,1,0,5.005299,61.34217,94.09688,0.0568977,114.1585,358.8503
C:\Users\Matthew\Documents\GitHub\IMG\robocam_2017_05_29_12_09_51_867.jpg,-15,1,0,5.012851,61.2609,94.27781,359.9577,112.5662,358.7757
C:\Users\Matthew\Documents\GitHub\IMG\robocam_2017_05_29_12_09_51_910.jpg,-15,1,0,5.013082,61.18335,94.46218,359.9736,111.1665,358.7007
C:\Users\Matthew\Documents\GitHub\IMG\robocam_2017_05_29_12_09_51_951.jpg,-15,1,0,5.002374,61.10923,94.64801,0.002794801,109.8809,358.6646
C:\Users\Matthew\Documents\GitHub\IMG\robocam_2017_05_29_12_09_51_992.jpg,-15,1,0,5.020681,61.03917,94.83543,0.01435479,108.5376,358.6582
C:\Users\Matthew\Documents\GitHub\IMG\robocam_2017_05_29_12_09_52_035.jpg,-15,1,0,5.002725,60.97321,95.02366,0.005587068,107.2035,358.6864
C:\Users\Matthew\Documents\GitHub\IMG\robocam_2017_05_29_12_09_52_077.jpg,-15,1,0,5.024605,60.91234,95.21425,0.01086755,105.8576,358.7042
C:\Users\Matthew\Documents\GitHub\IMG\robocam_2017_05_29_12_09_52_118.jpg,-15,1,0,5.003168,60.85593,95.40568,0.007427044,104.5374,358.7365
C:\Users\Matthew\Documents\GitHub\IMG\robocam_2017_05_29_12_09_52_159.jpg,-15,1,0,5.022964,60.80449,95.59898,0.009632288,103.2105,358.762
C:\Users\Matthew\Documents\GitHub\IMG\robocam_2017_05_29_12_09_52_200.jpg,-15,1,0,5.003416,60.75734,95.79294,0.006357946,101.9079,358.8029
C:\Users\Matthew\Documents\GitHub\IMG\robocam_2017_05_29_12_09_52_240.jpg,-15,1,0,5.023144,60.71518,95.98853,0.009157596,100.5912,358.8341
C:\Users\Matthew\Documents\GitHub\IMG\robocam_2017_05_29_12_09_52_281.jpg,-15,1,0,5.007706,60.67881,96.18471,359.9941,99.22406,358.8154
C:\Users\Matthew\Documents\GitHub\IMG\robocam_2017_05_29_12_09_52_321.jpg,-15,1,0,5.006346,60.64655,96.38242,0.02330689,97.90579,358.7974
C:\Users\Matthew\Documents\GitHub\IMG\robocam_2017_05_29_12_09_52_361.jpg,-15,1,0,5.004079,60.61976,96.58006,0.0005626102,96.57571,358.759
C:\Users\Matthew\Documents\GitHub\IMG\robocam_2017_05_29_12_09_52_403.jpg,-15,1,0,5.002448,60.58571,96.87812,0.009711359,94.6579,358.7784
C:\Users\Matthew\Documents\GitHub\IMG\robocam_2017_05_29_12_09_52_444.jpg,-15,1,0,5.003948,60.56833,97.07699,0.006369305,93.37451,358.8071
C:\Users\Matthew\Documents\GitHub\IMG\robocam_2017_05_29_12_09_52_485.jpg,-15,1,0,5.002574,60.55586,97.27669,0.009039095,92.06995,358.8318
C:\Users\Matthew\Documents\GitHub\IMG\robocam_2017_05_29_12_09_52_527.jpg,-15,1,0,5.007696,60.54906,97.4761,-0.005701632,90.71021,358.8105
C:\Users\Matthew\Documents\GitHub\IMG\robocam_2017_05_29_12_09_52_569.jpg,-15,1,0,5.002867,60.54614,97.67628,0.02026131,89.41348,358.8035
C:\Users\Matthew\Documents\GitHub\IMG\robocam_2017_05_29_12_09_52_612.jpg,-15,1,0,5.00404,60.54859,97.87588,0.002209034,88.08308,358.7833
C:\Users\Matthew\Documents\GitHub\IMG\robocam_2017_05_29_12_09_52_654.jpg,-15,0.9699944,0,5.002529,60.55367,98.07568,0.01338504,86.84425,358.816
C:\Users\Matthew\Documents\GitHub\IMG\robocam_2017_05_29_12_09_52_695.jpg,-13.98454,0.8468125,0,5.004335,60.56496,98.27528,0.005319513,85.49181,358.8123
C:\Users\Matthew\Documents\GitHub\IMG\robocam_2017_05_29_12_09_52_737.jpg,-12.14588,0.7242346,0,5.006085,60.57956,98.47439,-0.002997586,84.21233,358.8354
C:\Users\Matthew\Documents\GitHub\IMG\robocam_2017_05_29_12_09_52_779.jpg,-10.26637,0.5989342,0,5.003783,60.59877,98.67361,0.01764199,83.01964,358.8405
C:\Users\Matthew\Documents\GitHub\IMG\robocam_2017_05_29_12_09_52_819.jpg,-8.402998,0.4747094,0,5.001688,60.6227,98.87158,-0.001863941,81.97878,358.8132
C:\Users\Matthew\Documents\GitHub\IMG\robocam_2017_05_29_12_09_52_861.jpg,-6.517739,0,0.1064577,4.997371,60.64861,99.06969,0.005860716,81.06626,358.8306
C:\Users\Matthew\Documents\GitHub\IMG\robocam_2017_05_29_12_09_52_904.jpg,-4.655087,0,0.2306345,4.970024,60.69368,99.36367,-0.005135762,80.03152,358.8329
C:\Users\Matthew\Documents\GitHub\IMG\robocam_2017_05_29_12_09_52_945.jpg,-2.784912,0,0.3553128,4.930286,60.72597,99.55694,359.9732,79.52292,358.8347
C:\Users\Matthew\Documents\GitHub\IMG\robocam_2017_05_29_12_09_52_988.jpg,-0.8788816,0,0.4823815,4.826948,60.75865,99.74699,359.9098,79.16985,358.879
C:\Users\Matthew\Documents\GitHub\IMG\robocam_2017_05_29_12_09_53_030.jpg,0,0,0.6119419,4.748175,60.79158,99.93304,359.799,78.99807,358.9525
C:\Users\Matthew\Documents\GitHub\IMG\robocam_2017_05_29_12_09_53_072.jpg,0,0,0.7368657,4.65416,60.82415,100.1148,359.6443,78.91078,359.0717
C:\Users\Matthew\Documents\GitHub\IMG\robocam_2017_05_29_12_09_53_114.jpg,0,0,0.8632914,4.565089,60.85614,100.2922,359.4595,78.79842,359.2458
C:\Users\Matthew\Documents\GitHub\IMG\robocam_2017_05_29_12_09_53_156.jpg,0,0,0.9901321,4.464316,60.88779,100.4654,359.2537,78.61115,359.4698
C:\Users\Matthew\Documents\GitHub\IMG\robocam_2017_05_29_12_09_53_197.jpg,0,0,1,4.355724,60.91977,100.6331,358.9889,78.35487,359.6972
C:\Users\Matthew\Documents\GitHub\IMG\robocam_2017_05_29_12_09_53_238.jpg,0,0,1,4.238803,60.95081,100.7952,358.6896,78.29883,359.9859
C:\Users\Matthew\Documents\GitHub\IMG\robocam_2017_05_29_12_09_53_279.jpg,0,0,1,4.113449,60.98513,100.9534,358.4451,78.34491,0.08201934
C:\Users\Matthew\Documents\GitHub\IMG\robocam_2017_05_29_12_09_53_320.jpg,0,0,1,4.038961,61.01878,101.1072,358.1657,78.35044,0.1383304
C:\Users\Matthew\Documents\GitHub\IMG\robocam_2017_05_29_12_09_53_362.jpg,0,0,1,3.95654,61.05437,101.2599,358.041,78.17855,0.03308101
C:\Users\Matthew\Documents\GitHub\IMG\robocam_2017_05_29_12_09_53_403.jpg,0,0,1,3.869027,61.10453,101.4858,357.9807,77.82199,359.9731
C:\Users\Matthew\Documents\GitHub\IMG\robocam_2017_05_29_12_09_53_445.jpg,0,0,1,3.795197,61.13732,101.6335,357.9951,77.63172,359.9478
C:\Users\Matthew\Documents\GitHub\IMG\robocam_2017_05_29_12_09_53_485.jpg,0,0,1,3.70797,61.16876,101.7814,358.2057,77.53984,0.02107532
C:\Users\Matthew\Documents\GitHub\IMG\robocam_2017_05_29_12_09_53_527.jpg,0,0,1,3.588211,61.20158,101.9265,358.4568,77.5118,0.01290912
C:\Users\Matthew\Documents\GitHub\IMG\robocam_2017_05_29_12_09_53_568.jpg,0,0,1,3.513973,61.2347,102.0692,358.7535,77.41894,359.9465
C:\Users\Matthew\Documents\GitHub\IMG\robocam_2017_05_29_12_09_53_608.jpg,0,0,1,3.336826,61.26365,102.2043,358.9425,77.39572,0.001802743
C:\Users\Matthew\Documents\GitHub\IMG\robocam_2017_05_29_12_09_53_648.jpg,0,0,1,3.145425,61.2916,102.328,358.8935,77.37755,359.9929
C:\Users\Matthew\Documents\GitHub\IMG\robocam_2017_05_29_12_09_53_688.jpg,0,0,1,3.015296,61.31789,102.4436,358.7007,77.32512,359.9664
C:\Users\Matthew\Documents\GitHub\IMG\robocam_2017_05_29_12_09_53_730.jpg,0,0,1,2.900247,61.34174,102.5538,358.473,77.2902,0.01252337
C:\Users\Matthew\Documents\GitHub\IMG\robocam_2017_05_29_12_09_53_770.jpg,0,0,1,2.821337,61.36669,102.6621,358.3303,77.28115,359.9887
C:\Users\Matthew\Documents\GitHub\IMG\robocam_2017_05_29_12_09_53_812.jpg,0,0,1,2.738653,61.39087,102.769,358.2861,77.26115,359.986
C:\Users\Matthew\Documents\GitHub\IMG\robocam_2017_05_29_12_09_53_854.jpg,0,0,1,2.665198,61.41391,102.8736,358.2729,77.29539,0.02944938
C:\Users\Matthew\Documents\GitHub\IMG\robocam_2017_05_29_12_09_53_895.jpg,0,0,1,2.584219,61.43825,102.9774,358.42,77.30302,359.9905
C:\Users\Matthew\Documents\GitHub\IMG\robocam_2017_05_29_12_09_53_937.jpg,0,0,1,2.474246,61.46109,103.0782,358.5916,77.27858,359.9892
C:\Users\Matthew\Documents\GitHub\IMG\robocam_2017_05_29_12_09_53_978.jpg,0,0,1,2.376363,61.48343,103.1749,358.7595,77.30566,359.9749
C:\Users\Matthew\Documents\GitHub\IMG\robocam_2017_05_29_12_09_54_020.jpg,0,0,0,2.303761,61.50464,103.2685,358.9294,77.28952,359.9679
C:\Users\Matthew\Documents\GitHub\IMG\robocam_2017_05_29_12_09_54_061.jpg,0,0,0,2.297664,61.52529,103.3608,359.0772,77.32983,359.977
C:\Users\Matthew\Documents\GitHub\IMG\robocam_2017_05_29_12_09_54_102.jpg,0,0,0.05739893,2.292437,61.54594,103.4527,359.2186,77.34215,359.9836
C:\Users\Matthew\Documents\GitHub\IMG\robocam_2017_05_29_12_09_54_143.jpg,0,0,0.1816133,2.276379,61.57652,103.5888,359.3896,77.34683,359.9928
C:\Users\Matthew\Documents\GitHub\IMG\robocam_2017_05_29_12_09_54_184.jpg,0,0,0.3017721,2.245206,61.59632,103.677,359.4451,77.34756,-0.001325159
C:\Users\Matthew\Documents\GitHub\IMG\robocam_2017_05_29_12_09_54_227.jpg,0,0,0.428189,2.168629,61.6154,103.7619,359.431,77.34782,0.004213967
C:\Users\Matthew\Documents\GitHub\IMG\robocam_2017_05_29_12_09_54_267.jpg,0,0,0.5521396,2.09714,61.63356,103.8428,359.3297,77.34796,0.009383762
C:\Users\Matthew\Documents\GitHub\IMG\robocam_2017_05_29_12_09_54_310.jpg,0,0,0.6766685,2.008908,61.65092,103.9189,359.1446,77.34161,-0.0008603728
C:\Users\Matthew\Documents\GitHub\IMG\robocam_2017_05_29_12_09_54_351.jpg,0,0,0.8063583,1.904126,61.66658,103.9898,358.8748,77.34563,0.01106788
C:\Users\Matthew\Documents\GitHub\IMG\robocam_2017_05_29_12_09_54_393.jpg,0,0,0.9338149,1.795172,61.68172,104.0556,358.5606,77.34152,-0.001421154
C:\Users\Matthew\Documents\GitHub\IMG\robocam_2017_05_29_12_09_54_436.jpg,0,0,1,1.716555,61.69615,104.1191,358.3077,77.30555,359.9909
C:\Users\Matthew\Documents\GitHub\IMG\robocam_2017_05_29_12_09_54_478.jpg,0,0,1,1.63704,61.71018,104.1811,358.1434,77.29819,359.994
C:\Users\Matthew\Documents\GitHub\IMG\robocam_2017_05_29_12_09_54_519.jpg,0,0,1,1.557781,61.72395,104.2416,358.069,77.2944,359.9938
C:\Users\Matthew\Documents\GitHub\IMG\robocam_2017_05_29_12_09_54_559.jpg,0,0,1,1.478729,61.73735,104.3005,358.0848,77.28893,359.9939
C:\Users\Matthew\Documents\GitHub\IMG\robocam_2017_05_29_12_09_54_601.jpg,0,0,1,1.400121,61.75041,104.3579,358.1906,77.28285,359.9939
C:\Users\Matthew\Documents\GitHub\IMG\robocam_2017_05_29_12_09_54_643.jpg,0,0,1,1.322205,61.76929,104.4411,358.504,77.27664,-0.002896173
C:\Users\Matthew\Documents\GitHub\IMG\robocam_2017_05_29_12_09_54_685.jpg,0,0,1,1.245184,61.78151,104.4947,358.8312,77.27446,-0.001776792
C:\Users\Matthew\Documents\GitHub\IMG\robocam_2017_05_29_12_09_54_727.jpg,0,0,1,1.033198,61.79153,104.5388,358.9738,77.27411,0.00334286
C:\Users\Matthew\Documents\GitHub\IMG\robocam_2017_05_29_12_09_54_769.jpg,0,0,1,0.8489907,61.79929,104.5722,358.891,77.29287,0.0006557409
C:\Users\Matthew\Documents\GitHub\IMG\robocam_2017_05_29_12_09_54_809.jpg,0,0,1,0.696031,61.80476,104.5965,358.637,77.41635,0.005159546
C:\Users\Matthew\Documents\GitHub\IMG\robocam_2017_05_29_12_09_54_852.jpg,0,0,1,0.5604978,61.80838,104.6145,358.3416,77.57928,0.008315235
C:\Users\Matthew\Documents\GitHub\IMG\robocam_2017_05_29_12_09_54_894.jpg,0,0,1,0.4188739,61.81078,104.6273,358.0577,77.71539,0.006111247
C:\Users\Matthew\Documents\GitHub\IMG\robocam_2017_05_29_12_09_54_935.jpg,0,0,1,0.3075932,61.8123,104.6358,357.8036,77.71461,-0.0005612615
C:\Users\Matthew\Documents\GitHub\IMG\robocam_2017_05_29_12_09_54_979.jpg,0,0,1,0.1256411,61.81227,104.6361,357.5136,77.72751,0.006490094
C:\Users\Matthew\Documents\GitHub\IMG\robocam_2017_05_29_12_09_55_021.jpg,0,0,1,0.07983086,61.81231,104.6362,357.3179,77.72484,0.006489625
C:\Users\Matthew\Documents\GitHub\IMG\robocam_2017_05_29_12_09_55_063.jpg,0,0,1,0.01745898,61.81232,104.6363,357.2981,77.7298,0.006159113
C:\Users\Matthew\Documents\GitHub\IMG\robocam_2017_05_29_12_09_55_104.jpg,0,0,1,-0.03183312,61.81233,104.6364,357.4344,77.73256,359.992
C:\Users\Matthew\Documents\GitHub\IMG\robocam_2017_05_29_12_09_55_145.jpg,0,0,1,-0.09927852,61.81232,104.6365,357.6966,77.73559,0.005875775
C:\Users\Matthew\Documents\GitHub\IMG\robocam_2017_05_29_12_09_55_187.jpg,0,0,1,-0.1816492,61.81229,104.6365,358.0833,77.74162,359.9899
C:\Users\Matthew\Documents\GitHub\IMG\robocam_2017_05_29_12_09_55_228.jpg,0,0,1,-0.2357176,61.81228,104.6365,358.5915,77.74229,0.0008061391
C:\Users\Matthew\Documents\GitHub\IMG\robocam_2017_05_29_12_09_55_269.jpg,0,0,1,-0.2496085,61.81223,104.6364,359.1578,77.74613,-0.003867045
C:\Users\Matthew\Documents\GitHub\IMG\robocam_2017_05_29_12_09_55_311.jpg,0,0,1,-0.2398848,61.81217,104.6362,359.7015,77.74962,359.9924
C:\Users\Matthew\Documents\GitHub\IMG\robocam_2017_05_29_12_09_55_352.jpg,0,0,1,-0.2285585,61.81212,104.636,0.2205748,77.75047,359.9887
C:\Users\Matthew\Documents\GitHub\IMG\robocam_2017_05_29_12_09_55_394.jpg,0,0,1,-0.2033916,61.81208,104.6358,0.6950832,77.74983,-0.0005489701
C:\Users\Matthew\Documents\GitHub\IMG\robocam_2017_05_29_12_09_55_435.jpg,0,0,0,-0.1783044,61.81209,104.6356,1.107378,77.74315,0.002221
C:\Users\Matthew\Documents\GitHub\IMG\robocam_2017_05_29_12_09_55_477.jpg,0,0,0,-0.1396627,61.81178,104.6355,1.446753,77.73922,0.000793462
C:\Users\Matthew\Documents\GitHub\IMG\robocam_2017_05_29_12_09_55_519.jpg,0,0,0,-0.08019736,61.81163,104.6354,1.656881,77.73959,359.993
C:\Users\Matthew\Documents\GitHub\IMG\robocam_2017_05_29_12_09_55_560.jpg,0,0,0,-0.02091609,61.81122,104.6354,1.730593,77.73779,0.009104218
C:\Users\Matthew\Documents\GitHub\IMG\robocam_2017_05_29_12_09_55_601.jpg,0,0,0,0.03940891,61.81101,104.6353,1.66797,77.73902,0.008628424
C:\Users\Matthew\Documents\GitHub\IMG\robocam_2017_05_29_12_09_55_643.jpg,0,0,0,0.09665695,61.81067,104.6353,1.345932,77.74063,-0.004618135
C:\Users\Matthew\Documents\GitHub\IMG\robocam_2017_05_29_12_09_55_684.jpg,0,0,0.0475587,0.1230444,61.81046,104.6355,1.04543,77.74418,359.9824
C:\Users\Matthew\Documents\GitHub\IMG\robocam_2017_05_29_12_09_55_724.jpg,0,0,0.1717224,0.128637,61.81037,104.6356,0.7586119,77.74696,359.9537
C:\Users\Matthew\Documents\GitHub\IMG\robocam_2017_05_29_12_09_55_767.jpg,0,0,0.2966077,0.1237005,61.81036,104.6357,0.480703,77.7487,359.9235
C:\Users\Matthew\Documents\GitHub\IMG\robocam_2017_05_29_12_09_55_807.jpg,0,0,0.4184868,0.1192772,61.81036,104.6358,0.2120219,77.74945,359.8959
C:\Users\Matthew\Documents\GitHub\IMG\robocam_2017_05_29_12_09_55_849.jpg,0,0,0.5464047,0.113992,61.81035,104.6359,359.9546,77.74934,359.8709
C:\Users\Matthew\Documents\GitHub\IMG\robocam_2017_05_29_12_09_55_890.jpg,0,0,0.6683056,0.1079586,61.81034,104.636,359.7101,77.74849,359.8485
C:\Users\Matthew\Documents\GitHub\IMG\robocam_2017_05_29_12_09_55_933.jpg,0,0,0.7983081,0.09642111,61.81007,104.6362,359.4879,77.74733,359.8444
C:\Users\Matthew\Documents\GitHub\IMG\robocam_2017_05_29_12_09_55_974.jpg,0,0,0.9220743,0.08340466,61.80986,104.6363,359.2946,77.7461,359.8558
C:\Users\Matthew\Documents\GitHub\IMG\robocam_2017_05_29_12_09_56_015.jpg,0,0,1,0.07318355,61.80975,104.6364,359.1255,77.74493,359.875
C:\Users\Matthew\Documents\GitHub\IMG\robocam_2017_05_29_12_09_56_055.jpg,0,0,1,0.06368591,61.80967,104.6365,358.979,77.74396,359.901
C:\Users\Matthew\Documents\GitHub\IMG\robocam_2017_05_29_12_09_56_096.jpg,0,0,1,0.05185265,61.8095,104.6366,358.8591,77.74351,359.9401
C:\Users\Matthew\Documents\GitHub\IMG\robocam_2017_05_29_12_09_56_138.jpg,0,0,1,0.0373309,61.80927,104.6367,358.7787,77.74397,-0.001766832
C:\Users\Matthew\Documents\GitHub\IMG\robocam_2017_05_29_12_09_56_178.jpg,0,0,1,0.02880536,61.80951,104.6366,358.7518,77.74469,0.04486218
C:\Users\Matthew\Documents\GitHub\IMG\robocam_2017_05_29_12_09_56_218.jpg,0,0,1,-0.02088278,61.8101,104.6365,358.7747,77.7449,0.05241533
C:\Users\Matthew\Documents\GitHub\IMG\robocam_2017_05_29_12_09_56_258.jpg,0,0,1,-0.02564435,61.81057,104.6364,358.8295,77.7451,0.04300323
C:\Users\Matthew\Documents\GitHub\IMG\robocam_2017_05_29_12_09_56_300.jpg,0,0,1,-0.03088456,61.81081,104.6363,358.8985,77.74549,0.03259412
C:\Users\Matthew\Documents\GitHub\IMG\robocam_2017_05_29_12_09_56_341.jpg,0,0,1,-0.03414297,61.81088,104.6363,358.9745,77.74602,0.0255052
C:\Users\Matthew\Documents\GitHub\IMG\robocam_2017_05_29_12_09_56_383.jpg,0,0,1,-0.03662793,61.81087,104.6362,359.0975,77.7469,0.01807558
C:\Users\Matthew\Documents\GitHub\IMG\robocam_2017_05_29_12_09_56_424.jpg,0,0,1,-0.03837036,61.81087,104.6362,359.1843,77.74747,0.0134627
C:\Users\Matthew\Documents\GitHub\IMG\robocam_2017_05_29_12_09_56_464.jpg,0,0,1,-0.03970179,61.81086,104.6361,359.2738,77.74801,0.009017454
C:\Users\Matthew\Documents\GitHub\IMG\robocam_2017_05_29_12_09_56_507.jpg,0,0,1,-0.04094455,61.81084,104.6361,359.3652,77.7485,0.004768591
C:\Users\Matthew\Documents\GitHub\IMG\robocam_2017_05_29_12_09_56_547.jpg,0,0,0,-0.04128692,61.81084,104.6361,359.4576,77.74895,0.0007420692
C:\Users\Matthew\Documents\GitHub\IMG\robocam_2017_05_29_12_09_56_589.jpg,0,0,0,-0.04125715,61.81083,104.636,359.5501,77.74934,-0.003039881
C:\Users\Matthew\Documents\GitHub\IMG\robocam_2017_05_29_12_09_56_630.jpg,0,0,0,-0.04087394,61.81081,104.636,359.642,77.74966,359.9934
C:\Users\Matthew\Documents\GitHub\IMG\robocam_2017_05_29_12_09_56_672.jpg,0,0,0,-0.04015716,61.8108,104.636,359.7325,77.74992,359.9902
C:\Users\Matthew\Documents\GitHub\IMG\robocam_2017_05_29_12_09_56_714.jpg,0,-0.04740493,0,-0.05711002,61.81067,104.6354,359.8071,77.71033,359.9872
C:\Users\Matthew\Documents\GitHub\IMG\robocam_2017_05_29_12_09_56_755.jpg,0,-0.1717145,0,-0.03425228,61.81071,104.6356,359.8986,77.83438,359.9847
C:\Users\Matthew\Documents\GitHub\IMG\robocam_2017_05_29_12_09_56_798.jpg,0,-0.2990121,0,-0.05082092,61.81053,104.6347,359.964,77.68427,359.9821
C:\Users\Matthew\Documents\GitHub\IMG\robocam_2017_05_29_12_09_56_841.jpg,0,-0.4258082,0,-0.05050668,61.81033,104.6339,0.02461271,77.6968,359.9803
C:\Users\Matthew\Documents\GitHub\IMG\robocam_2017_05_29_12_09_56_881.jpg,0,-0.5477824,0,-0.07270584,61.80979,104.6314,0.04622789,77.66765,359.9785
C:\Users\Matthew\Documents\GitHub\IMG\robocam_2017_05_29_12_09_56_922.jpg,0,-0.6702241,0,-0.09039034,61.80907,104.6281,0.04873372,77.68604,359.9772
C:\Users\Matthew\Documents\GitHub\IMG\robocam_2017_05_29_12_09_56_963.jpg,0,-0.7928545,0,-0.1174791,61.8073,104.62,359.9804,77.79173,359.9756
C:\Users\Matthew\Documents\GitHub\IMG\robocam_2017_05_29_12_09_57_004.jpg,0,-0.9154805,0,-0.1536994,61.80571,104.6126,359.8917,77.94093,359.9749
C:\Users\Matthew\Documents\GitHub\IMG\robocam_2017_05_29_12_09_57_045.jpg,0,-1,0,-0.1770967,61.80375,104.6034,359.7692,78.10412,359.9747
C:\Users\Matthew\Documents\GitHub\IMG\robocam_2017_05_29_12_09_57_087.jpg,0,-1,0,-0.2313313,61.80132,104.5918,359.602,78.14162,359.9743
C:\Users\Matthew\Documents\GitHub\IMG\robocam_2017_05_29_12_09_57_127.jpg,0,-1,0,-0.2506381,61.79867,104.5792,359.4223,78.19102,359.9741
C:\Users\Matthew\Documents\GitHub\IMG\robocam_2017_05_29_12_09_57_168.jpg,0,-1,0,-0.3024382,61.79522,104.5647,359.2266,78.17777,0.0009038016
C:\Users\Matthew\Documents\GitHub\IMG\robocam_2017_05_29_12_09_57_208.jpg,0,-1,0,-0.325483,61.79213,104.5488,359.0325,78.0924,-0.0005666196
C:\Users\Matthew\Documents\GitHub\IMG\robocam_2017_05_29_12_09_57_248.jpg,0,-1,0,-0.3661263,61.78861,104.5318,358.84,78.02348,-0.001490861
C:\Users\Matthew\Documents\GitHub\IMG\robocam_2017_05_29_12_09_57_291.jpg,0,-1,0,-0.3970538,61.78489,104.514,358.6737,78.00367,-0.00109311
C:\Users\Matthew\Documents\GitHub\IMG\robocam_2017_05_29_12_09_57_331.jpg,0,-1,0,-0.4166796,61.78154,104.4976,358.6477,78.04366,-0.002788534
C:\Users\Matthew\Documents\GitHub\IMG\robocam_2017_05_29_12_09_57_373.jpg,0,-1,0,-0.4654093,61.77823,104.4819,358.7458,78.00872,-0.002722803
C:\Users\Matthew\Documents\GitHub\IMG\robocam_2017_05_29_12_09_57_415.jpg,0,-1,0,-0.4920353,61.77455,104.4643,358.8376,77.97591,-0.0008241811
C:\Users\Matthew\Documents\GitHub\IMG\robocam_2017_05_29_12_09_57_458.jpg,0,-1,0,-0.5369954,61.77037,104.4443,358.8859,77.9661,0.0001659302
C:\Users\Matthew\Documents\GitHub\IMG\robocam_2017_05_29_12_09_57_498.jpg,0,-1,0,-0.568505,61.7659,104.4228,358.9112,77.96403,-0.0005142114
C:\Users\Matthew\Documents\GitHub\IMG\robocam_2017_05_29_12_09_57_540.jpg,0,-1,0,-0.6062598,61.76103,104.3996,358.9082,77.99057,0.0001985518
C:\Users\Matthew\Documents\GitHub\IMG\robocam_2017_05_29_12_09_57_584.jpg,0,-1,0,-0.633618,61.75315,104.3619,358.8654,78.01138,-0.0005289364
C:\Users\Matthew\Documents\GitHub\IMG\robocam_2017_05_29_12_09_57_624.jpg,0,-1,0,-0.6502622,61.74753,104.3351,358.8196,77.94937,-0.001201381
C:\Users\Matthew\Documents\GitHub\IMG\robocam_2017_05_29_12_09_57_665.jpg,0,-1,0,-0.6961608,61.74152,104.3067,358.7661,77.88087,-0.001321374
C:\Users\Matthew\Documents\GitHub\IMG\robocam_2017_05_29_12_09_57_706.jpg,0,-1,0,-0.7327256,61.73557,104.2784,358.7591,77.87238,-0.001296733
C:\Users\Matthew\Documents\GitHub\IMG\robocam_2017_05_29_12_09_57_747.jpg,0,-1,0,-0.7640247,61.72929,104.2486,358.7603,77.86539,-0.0009776263
C:\Users\Matthew\Documents\GitHub\IMG\robocam_2017_05_29_12_09_57_788.jpg,0,-0.9646859,0,-0.8192981,61.72264,104.2167,358.7539,77.92645,-0.0003099398
C:\Users\Matthew\Documents\GitHub\IMG\robocam_2017_05_29_12_09_57_829.jpg,0,-0.8394755,0,-0.8538373,61.71573,104.1836,358.7538,77.97022,-0.0005925924
C:\Users\Matthew\Documents\GitHub\IMG\robocam_2017_05_29_12_09_57_870.jpg,0,-0.7161365,0,-0.871486,61.70875,104.15,358.7746,78.05206,0.0001821089
C:\Users\Matthew\Documents\GitHub\IMG\robocam_2017_05_29_12_09_57_911.jpg,0,-0.5945135,0,-0.8807978,61.70175,104.1161,358.8132,78.12347,0.000261551
C:\Users\Matthew\Documents\GitHub\IMG\robocam_2017_05_29_12_09_57_953.jpg,0,-0.4669896,0,-0.9019342,61.69463,104.0815,358.8463,78.22961,0.0008223106
C:\Users\Matthew\Documents\GitHub\IMG\robocam_2017_05_29_12_09_57_994.jpg,0,0,0.08785013,-0.9011313,61.68752,104.0467,358.8865,78.2305,-0.0002280673
C:\Users\Matthew\Documents\GitHub\IMG\robocam_2017_05_29_12_09_58_037.jpg,0,0,0.2138565,-0.885033,61.68054,104.0128,358.951,78.14906,-0.001352931
C:\Users\Matthew\Documents\GitHub\IMG\robocam_2017_05_29_12_09_58_079.jpg,0,0,0.342406,-0.8301837,61.67402,103.9816,359.0813,77.9769,0.001706092
C:\Users\Matthew\Documents\GitHub\IMG\robocam_2017_05_29_12_09_58_122.jpg,0,0,0.4685486,-0.7178148,61.66871,103.9572,359.3621,77.83476,0.01205004
C:\Users\Matthew\Documents\GitHub\IMG\robocam_2017_05_29_12_09_58_165.jpg,0,0,0,-0.6531231,61.66241,103.9286,359.9423,77.78101,0.02978948
C:\Users\Matthew\Documents\GitHub\IMG\robocam_2017_05_29_12_09_58_206.jpg,0,0,0,-0.6509353,61.65823,103.9092,0.3013115,77.77968,0.0391306
C:\Users\Matthew\Documents\GitHub\IMG\robocam_2017_05_29_12_09_58_249.jpg,0,0,0,-0.649103,61.65395,103.8894,0.6297262,77.77959,0.0474921
C:\Users\Matthew\Documents\GitHub\IMG\robocam_2017_05_29_12_09_58_290.jpg,0,0,0,-0.6461654,61.64983,103.8686,0.895842,77.77032,0.02662943
C:\Users\Matthew\Documents\GitHub\IMG\robocam_2017_05_29_12_09_58_333.jpg,0,0,0,-0.6433909,61.6455,103.847,1.112587,77.76191,-0.00546745
